target_x,target_y,gaze_x,gaze_y,error
0.5,0.5,0.2183037663405911,0.0,0.573893
0.5,0.5,0.21083940325932626,0.0,0.577593
0.5,0.5,0.19248394748826536,0.0,0.586998
0.5,0.5,0.1838240159872197,0.0,0.59158
0.5,0.5,0.19187440364017494,0.0,0.587317
0.5,0.5,0.20104277153343658,0.0,0.582559
0.5,0.5,0.21541223088205957,0.0,0.575317
0.5,0.5,0.2359899442656827,0.0,0.565421
0.5,0.5,0.25458607266164257,0.0,0.556981
0.5,0.5,0.2660958013569091,0.0,0.552006
0.5,0.5,0.27364281811754265,0.006948915232464759,0.542528
0.5,0.5,0.2862693864425332,0.04129640873164641,0.506053
0.5,0.5,0.3005730965645804,0.0630827453844107,0.480279
0.5,0.5,0.3141034177298062,0.09155083487349011,0.448763
0.5,0.5,0.3075459209057989,0.14761977461885445,0.40151
0.5,0.5,0.31832407262434187,0.195948170511749,0.354194
0.5,0.5,0.3552079549988878,0.25009713383622634,0.288819
0.5,0.5,0.43204235200625835,0.29342305668724283,0.217468
0.5,0.5,0.5233987605868544,0.3467355606513099,0.15504
0.5,0.5,0.6225924080314329,0.38291882346212813,0.16952
0.5,0.5,0.7223556155223059,0.413995058624598,0.238409
0.5,0.5,0.7923192816139024,0.4447283413169133,0.297499
0.5,0.5,0.8434138333181085,0.47225489387748965,0.344533
0.5,0.5,0.8981607690769673,0.49483999510427,0.398194
0.5,0.5,0.9379047244118288,0.5167855099909858,0.438226
0.5,0.5,0.969812635381853,0.5297767302549734,0.470755
0.5,0.5,0.9951218315574044,0.5396583008804512,0.496708
0.5,0.5,1.0,0.5396583008804512,0.50157
0.5,0.5,1.0,0.5468453652767544,0.50219
0.5,0.5,1.0,0.552430880317017,0.502741
0.5,0.5,1.0,0.5479643481710793,0.502295
0.5,0.5,1.0,0.5393303519038561,0.501544
0.5,0.5,1.0,0.5229736332806094,0.500528
0.5,0.5,0.9633786142829277,0.47099397392108144,0.464286
0.5,0.5,0.8530965179677834,0.41482990736069714,0.363223
0.5,0.5,0.7202869955321742,0.3559704896848558,0.263194
0.5,0.5,0.5960474393063152,0.2887955030257915,0.232018
0.5,0.5,0.46816835426291514,0.23745019949168303,0.264472
0.5,0.5,0.37539846490824175,0.1840077637215009,0.339671
0.5,0.5,0.29413048980084655,0.13463512766284008,0.419373
0.5,0.5,0.24344831932180327,0.09433146743818868,0.479985
0.5,0.5,0.20594244415883695,0.04533400639500512,0.541471
0.5,0.5,0.17144011890149896,0.0,0.598291
0.5,0.5,0.1461808160344582,0.0,0.612526
0.5,0.5,0.12846759601928812,0.0,0.622926
0.5,0.5,0.10492303022892227,0.0,0.637249
0.5,0.5,0.08293418488502041,0.0,0.65111
0.5,0.5,0.06118154594403583,0.0,0.665253
0.5,0.5,0.054714510347946894,0.0,0.669537
0.5,0.5,0.04895042069193699,0.04139567967962492,0.643245
0.5,0.5,0.061367485584885514,0.09688082770242523,0.595738
0.5,0.5,0.07232446563905234,0.13845609483989113,0.560018
0.5,0.5,0.07232446563905234,0.17004203792833628,0.540165
0.5,0.5,0.08486032920773545,0.19124176578562835,0.517371
0.5,0.5,0.08903558455274382,0.21456707318703067,0.500364
0.5,0.5,0.08903558455274382,0.22952643408370133,0.491983
0.5,0.5,0.10539421733004124,0.2434044806168233,0.470696
0.5,0.5,0.1164083131138206,0.25372138293302804,0.455846
0.5,0.5,0.1258316978947464,0.26749087815725864,0.440525
0.5,0.5,0.1385573086253808,0.2832150474985734,0.421469
0.5,0.5,0.1461668472143829,0.3031986433827163,0.404881
0.5,0.5,0.17179175233856142,0.3266263497747351,0.371186
0.5,0.5,0.1997349875965418,0.3463494629798386,0.337294
0.5,0.5,0.23019306854788157,0.3681394733693326,0.300305
0.5,0.5,0.26064772985187756,0.38701389034834055,0.26468
0.5,0.5,0.278369936415017,0.3985027883142831,0.243765
0.5,0.5,0.2948171308215547,0.4070998324416997,0.225234
0.5,0.5,0.3131878405584835,0.4070998324416997,0.208637
0.5,0.5,0.35247400442287347,0.4132033956256217,0.171165
0.5,0.5,0.38676526746048934,0.42205901625202846,0.137466
0.5,0.5,0.4201438037193491,0.4308918350772961,0.105608
0.5,0.5,0.44614777080073803,0.438531105766266,0.081722
0.5,0.5,0.46940766485868507,0.4433838929803413,0.064353
0.5,0.5,0.49364735721142194,0.4508239537620736,0.049585
0.5,0.5,0.5129444836779846,0.4575625323757898,0.044368
0.5,0.5,0.5261160759996906,0.4624345088222588,0.045752
0.5,0.5,0.5314770096999241,0.4624345088222588,0.04901
0.5,0.5,0.5366184310765403,0.4658105926229562,0.050098
0.5,0.5,0.5299057854076508,0.4658105926229562,0.045423
0.5,0.5,0.5171497186665186,0.4658105926229562,0.03825
0.5,0.5,0.5016032439228403,0.4658105926229562,0.034227
0.5,0.5,0.4886938369503068,0.46193647402250654,0.039707
0.5,0.5,0.4702808145957645,0.46193647402250654,0.048291
0.5,0.5,0.45054270390469087,0.4541393104717111,0.067448
0.5,0.5,0.42068163936535613,0.4541393104717111,0.091622
0.5,0.5,0.37768762529144306,0.450462150606265,0.131963
0.5,0.5,0.34468599192655647,0.4436754239701403,0.165212
0.5,0.5,0.3084626737647911,0.4364899246001603,0.201792
0.5,0.5,0.28142593251533266,0.43209458764950903,0.228879
0.5,0.5,0.2670686180631341,0.43209458764950903,0.242628
0.5,0.5,0.260476243725579,0.43209458764950903,0.248963
0.5,0.5,0.260476243725579,0.436367282879363,0.247832
0.5,0.5,0.26682856261377064,0.4415792508671674,0.240379
0.5,0.5,0.28139512493472923,0.43017928136928074,0.229484
0.5,0.5,0.2946690574712492,0.43017928136928074,0.216877
0.5,0.5,0.30739022238175745,0.43017928136928074,0.204874
0.5,0.5,0.31608870871191935,0.43017928136928074,0.196719
0.5,0.5,0.32537440702230036,0.43017928136928074,0.188067
0.5,0.5,0.345932741444285,0.4184614752388769,0.174314
0.5,0.5,0.37719057351207075,0.4262422856193338,0.143256
0.5,0.5,0.3995277771493784,0.4262422856193338,0.124639
0.5,0.5,0.44912744971693475,0.43097782254281913,0.085744
0.5,0.5,0.4961395461864609,0.44135428515112257,0.058773
0.5,0.5,0.5223223526926357,0.4484421327070236,0.056183
0.5,0.5,0.537285208405187,0.45485743257355804,0.058549
0.5,0.5,0.5416893939887815,0.4612466496899107,0.056919
0.5,0.5,0.5375448737395024,0.4661230930089997,0.050569
0.5,0.5,0.5315908357636739,0.47081309898900325,0.04301
0.5,0.5,0.5280448174286548,0.47081309898900325,0.040477
0.5,0.5,0.5280448174286548,0.474122886137751,0.038159
0.5,0.5,0.5244708710766021,0.474122886137751,0.035615
0.5,0.5,0.5200788883179472,0.474122886137751,0.032753
0.5,0.5,0.516071941770242,0.474122886137751,0.030462
0.5,0.5,0.5056500265456927,0.4663555278399549,0.034116
0.5,0.5,0.492276027804355,0.463242126157543,0.037561
0.5,0.5,0.48030462057569545,0.45913631549519107,0.045362
0.5,0.5,0.4687359442145441,0.4626774941661562,0.048687
0.5,0.5,0.4606524780011201,0.4626774941661562,0.054233
0.5,0.5,0.45706678078329227,0.4678797399226621,0.053619
0.5,0.5,0.4537814009796389,0.4678797399226621,0.056284
0.5,0.5,0.4537814009796389,0.4718363018906315,0.054123
0.5,0.5,0.4506757471753695,0.4718363018906315,0.056799
0.5,0.5,0.44750932977746494,0.4718363018906315,0.059569
0.5,0.5,0.4441025026064582,0.4685311223071964,0.064147
0.5,0.5,0.4485300843492319,0.4685311223071964,0.060328
0.5,0.5,0.45411893964837846,0.46504459801080805,0.05768
0.5,0.5,0.4622696622075025,0.46504459801080805,0.051434
0.5,0.5,0.4736022781272558,0.46504459801080805,0.043803
0.5,0.5,0.48152087952411343,0.46504459801080805,0.039539
0.5,0.5,0.4921263993833105,0.46504459801080805,0.035831
0.5,0.5,0.4989398673945341,0.46504459801080805,0.034971
0.5,0.5,0.5037446058399285,0.46504459801080805,0.035155
0.5,0.5,0.5086485067441933,0.46504459801080805,0.036009
0.5,0.5,0.5119497259042456,0.4690373986858487,0.033189
0.5,0.5,0.5119497259042456,0.4721149432315541,0.030338
0.5,0.5,0.5077231119139165,0.4721149432315541,0.028935
0.5,0.5,0.5035436367273264,0.4721149432315541,0.028109
0.5,0.5,0.5003945300542363,0.4721149432315541,0.027888
0.5,0.5,0.494145777787847,0.4721149432315541,0.028493
0.5,0.5,0.48368391903141705,0.4759850356651481,0.029033
0.5,0.5,0.47391358082566754,0.4759850356651481,0.035457
0.5,0.5,0.46500342715797244,0.4759850356651481,0.042444
0.5,0.5,0.4579562351506795,0.4759850356651481,0.048419
0.5,0.5,0.461142694836544,0.4759850356651481,0.045679
0.5,0.5,0.46442335799565826,0.47263206731755436,0.044885
0.5,0.5,0.46760282576721535,0.4690577320450693,0.0448
0.5,0.5,0.473658833455757,0.4690577320450693,0.040636
0.5,0.5,0.4809457549688537,0.4690577320450693,0.036339
0.5,0.5,0.4870509769735363,0.4690577320450693,0.033543
0.5,0.5,0.49241339531213546,0.4690577320450693,0.031859
0.5,0.5,0.4972078949815295,0.4690577320450693,0.031068
0.5,0.5,0.5032247643767425,0.4730664242138772,0.027126
0.5,0.5,0.5094326102944673,0.4770621486990302,0.024802
0.5,0.5,0.5127512639319616,0.4770621486990302,0.026244
0.5,0.5,0.5194038152926662,0.4770621486990302,0.030044
0.5,0.5,0.5253907048003074,0.4770621486990302,0.034217
0.5,0.5,0.5292082475799553,0.4770621486990302,0.037138
0.5,0.5,0.5238393807404744,0.4738632774558973,0.035376
0.5,0.5,0.5147361568382098,0.47029999266463024,0.033155
0.5,0.5,0.5073057113363206,0.46726542074986777,0.03354
0.1,0.1,0.5073057113363206,0.46726542074986777,0.548436
0.1,0.1,0.5015467058629219,0.46726542074986777,0.544172
0.1,0.1,0.4955860959523589,0.46726542074986777,0.539789
0.1,0.1,0.4876228699526225,0.4714980723874328,0.536901
0.1,0.1,0.4805609865119635,0.4714980723874328,0.531825
0.1,0.1,0.473951184062057,0.47585735496687714,0.530196
0.1,0.1,0.4679192503319368,0.47585735496687714,0.525959
0.1,0.1,0.45956585194938854,0.47585735496687714,0.52015
0.1,0.1,0.4517088447816472,0.47585735496687714,0.51475
0.1,0.1,0.44276900626754123,0.47585735496687714,0.508684
0.1,0.1,0.42602011204654344,0.4661931508746852,0.490292
0.1,0.1,0.4187391282369471,0.4572545843401191,0.478775
0.1,0.1,0.40981213014268825,0.43691588074334725,0.457707
0.1,0.1,0.39996049811037687,0.41617417350624264,0.435824
0.1,0.1,0.3906644352833767,0.3729503160864759,0.398733
0.1,0.1,0.3854635613009709,0.31832808139803376,0.359384
0.1,0.1,0.3736510265480495,0.2440905252780145,0.309268
0.1,0.1,0.32531244848532476,0.18367884078817892,0.240349
0.1,0.1,0.27980531089384847,0.12407795714979518,0.18141
0.1,0.1,0.21699547875359876,0.10062181214561974,0.116997
0.1,0.1,0.18519472976914234,0.019770593024968586,0.117025
0.1,0.1,0.16363849604185457,0.0,0.118532
0.1,0.1,0.141234101738467,0.0,0.108168
0.1,0.1,0.0859759489737833,0.0,0.100979
0.1,0.1,0.06990622049393157,0.0,0.10443
0.1,0.1,0.041860736983687634,0.0,0.115673
0.1,0.1,0.01631649557024159,0.0,0.130395
0.1,0.1,0.0010424726610891496,0.0,0.140686
0.1,0.1,0.0,0.0,0.141421
0.1,0.1,0.002039391085441364,0.0,0.139987
0.1,0.1,0.009632260579771902,0.0,0.134783
0.1,0.1,0.001664658593939306,0.0,0.140249
0.1,0.1,0.0,0.0,0.141421
0.1,0.1,0.019049227554049766,0.0,0.128659
0.1,0.1,0.06263843500888196,0.0,0.106752
0.1,0.1,0.0879363658595407,0.0,0.100725
0.1,0.1,0.09203672409817532,0.0,0.100317
0.1,0.1,0.08262952531617877,0.0,0.101497
0.1,0.1,0.07055537770716583,0.0,0.104245
0.1,0.1,0.0599773870845806,0.004051334198953876,0.103961
0.1,0.1,0.04955522161824229,0.02043559275920322,0.094208
0.1,0.1,0.05533770354010694,0.047677376112243784,0.068792
0.1,0.1,0.06320616761837837,0.06876202334183114,0.048266
0.1,0.1,0.07396562746608372,0.08184924173227373,0.031737
0.1,0.1,0.08290763184775271,0.08881741086976,0.020425
0.1,0.1,0.08683176900765927,0.08881741086976,0.017276
0.1,0.1,0.08683176900765927,0.09198881318310576,0.015414
0.1,0.1,0.090098460842266,0.09198881318310576,0.012737
0.1,0.1,0.09412263508520967,0.09198881318310576,0.009936
0.1,0.1,0.09809012712495974,0.09545577877456546,0.004929
0.1,0.1,0.10124930596320389,0.09545577877456546,0.004713
0.1,0.1,0.10573241905731456,0.09545577877456546,0.007315
0.1,0.1,0.11074889724596955,0.09545577877456546,0.01167
0.1,0.1,0.11505534107899897,0.09545577877456546,0.015726
0.1,0.1,0.11888221770155627,0.09545577877456546,0.019421
0.1,0.1,0.12247883892514229,0.09545577877456546,0.022934
0.1,0.1,0.12548558954932276,0.09545577877456546,0.025888
0.1,0.1,0.12065025301967362,0.09136800208796496,0.022382
0.1,0.1,0.11433647190237661,0.08761112664312579,0.018948
0.1,0.1,0.10943367962658648,0.08761112664312579,0.015572
0.1,0.1,0.1056980615764839,0.0841614870213167,0.016832
0.1,0.1,0.1056980615764839,0.0779366370991432,0.022787
0.1,0.1,0.1025421196419427,0.07296273342752005,0.027157
0.1,0.1,0.1025421196419427,0.06872394822504121,0.031379
0.1,0.1,0.1025421196419427,0.06413418496741904,0.035956
0.1,0.1,0.1025421196419427,0.0598447004184408,0.040236
0.1,0.1,0.09920212344801138,0.05664077134307342,0.043367
0.1,0.1,0.1024418985527272,0.05664077134307342,0.043428
0.1,0.1,0.10585152174930551,0.05664077134307342,0.043752
0.1,0.1,0.1101090896116521,0.05664077134307342,0.044522
0.1,0.1,0.1140552971994333,0.05664077134307342,0.04558
0.1,0.1,0.11074462596415507,0.060047693965091076,0.041372
0.1,0.1,0.10734494129023975,0.06354763131998298,0.037185
0.1,0.1,0.10392051087716017,0.06354763131998298,0.036663
0.1,0.1,0.09876458973439287,0.05913251697305966,0.040886
0.1,0.1,0.09527891540432587,0.05913251697305966,0.041139
0.1,0.1,0.09527891540432587,0.055728592763489584,0.044522
0.1,0.1,0.09907060541071808,0.050334902030771705,0.049674
0.1,0.1,0.10325529268426453,0.04650452287188383,0.053594
0.1,0.1,0.10748839998198106,0.04207494421154011,0.058407
0.1,0.1,0.10748839998198106,0.03841813352323499,0.062035
0.1,0.1,0.10748839998198106,0.035291984660663064,0.06514
0.1,0.1,0.11055201406784035,0.035291984660663064,0.065563
0.1,0.1,0.11055201406784035,0.03205966176515239,0.068755
0.1,0.1,0.11055201406784035,0.028795485034208448,0.071982
0.1,0.1,0.10613959662460667,0.032749786561365894,0.06753
0.1,0.1,0.0973394816854098,0.04141643241574667,0.058644
0.1,0.1,0.0882161919907298,0.05220590794889635,0.049225
0.1,0.1,0.08008584401288366,0.06199890844693119,0.042903
0.1,0.1,0.07202194719332089,0.06964176983323231,0.041284
0.1,0.1,0.06552013072791729,0.07621902306047396,0.041886
0.1,0.1,0.06136845279658994,0.07935044090394397,0.043804
0.1,0.1,0.05776848437328623,0.07935044090394397,0.04701
0.1,0.1,0.054214079185770925,0.07935044090394397,0.050227
0.1,0.1,0.054214079185770925,0.08314178964521605,0.048791
0.1,0.1,0.05883940990504158,0.0867118660941215,0.043252
0.1,0.1,0.06434127365492281,0.0867118660941215,0.038054
0.1,0.1,0.06770426239622813,0.08991072695718616,0.033835
0.1,0.1,0.07128533393224243,0.08991072695718616,0.030436
0.1,0.1,0.07450826379425012,0.08991072695718616,0.027416
0.1,0.1,0.07125734247448705,0.09405467704233557,0.029351
0.1,0.1,0.06777586323557432,0.09751612478773028,0.03232
0.1,0.1,0.06777586323557432,0.10060339254811404,0.03223
0.9,0.1,0.06777586323557432,0.10060339254811404,0.832224
0.9,0.1,0.0639521183256256,0.10060339254811404,0.836048
0.9,0.1,0.0597484857328407,0.10060339254811404,0.840252
0.9,0.1,0.05643653633854245,0.10060339254811404,0.843564
0.9,0.1,0.05643653633854245,0.10432845547071398,0.843575
0.9,0.1,0.09423202133162113,0.11086134078581422,0.805841
0.9,0.1,0.12820357163222396,0.11086134078581422,0.771873
0.9,0.1,0.15355733576400965,0.11086134078581422,0.746522
0.9,0.1,0.1891564221961252,0.1026966212244172,0.710849
0.9,0.1,0.263408143047448,0.1026966212244172,0.636598
0.9,0.1,0.34623834561375977,0.10883387412750178,0.553832
0.9,0.1,0.46679450308157033,0.1551881654939028,0.436707
0.9,0.1,0.6030334093094488,0.2275301653296503,0.323192
0.9,0.1,0.7423531577225285,0.3032141968986008,0.257194
0.9,0.1,0.8533412516496537,0.35848161443377846,0.262659
0.9,0.1,0.95260768370627,0.42342285209277647,0.327673
0.9,0.1,1.0,0.4924059715886617,0.404947
0.9,0.1,1.0,0.5648317416050123,0.475467
0.9,0.1,1.0,0.6260806101808137,0.535501
0.9,0.1,1.0,0.6658120638139234,0.574581
0.9,0.1,1.0,0.6965724848216419,0.604896
0.9,0.1,1.0,0.7167708983657692,0.624825
0.9,0.1,1.0,0.7282344277465107,0.636143
0.9,0.1,1.0,0.724028338745574,0.63199
0.9,0.1,1.0,0.7116337233043692,0.619755
0.9,0.1,1.0,0.6952832107959539,0.603624
0.9,0.1,1.0,0.6793517659324545,0.587919
0.9,0.1,1.0,0.6847604532524215,0.593249
0.9,0.1,1.0,0.689238907273341,0.597664
0.9,0.1,1.0,0.697483448380915,0.605794
0.9,0.1,1.0,0.6941111340318054,0.602468
0.9,0.1,1.0,0.6850499079967649,0.593535
0.9,0.1,1.0,0.6782316123065683,0.586815
0.9,0.1,1.0,0.6687310045711125,0.577456
0.9,0.1,1.0,0.6591730410067256,0.568044
0.9,0.1,1.0,0.6520431488043887,0.561027
0.9,0.1,1.0,0.6409995720156018,0.550164
0.9,0.1,1.0,0.6223479841747867,0.531834
0.9,0.1,1.0,0.6101545614587414,0.519863
0.9,0.1,1.0,0.5945606256401236,0.504569
0.9,0.1,1.0,0.5796183240908409,0.489932
0.9,0.1,1.0,0.5638918634846126,0.474548
0.9,0.1,1.0,0.540079695777328,0.451298
0.9,0.1,1.0,0.5207129877398065,0.432434
0.9,0.1,1.0,0.5008985005322664,0.413182
0.9,0.1,1.0,0.4971403837251377,0.409537
0.9,0.1,1.0,0.4849985695728358,0.397774
0.9,0.1,1.0,0.47025397423773885,0.383521
0.9,0.1,1.0,0.4534481977481988,0.367322
0.9,0.1,1.0,0.42689067388532465,0.341844
0.9,0.1,1.0,0.3939638731340285,0.310507
0.9,0.1,1.0,0.36612475377944587,0.284293
0.9,0.1,1.0,0.3390297491324372,0.259105
0.9,0.1,1.0,0.29690507242642455,0.220843
0.9,0.1,1.0,0.26360523558166726,0.191746
0.9,0.1,1.0,0.2359668117603994,0.168781
0.9,0.1,1.0,0.18398562605981894,0.130589
0.9,0.1,1.0,0.15249414961608068,0.112941
0.9,0.1,1.0,0.10389714492274307,0.100076
0.9,0.1,1.0,0.06571910192523645,0.105713
0.9,0.1,1.0,0.04118440944661399,0.116014
0.9,0.1,1.0,0.025049105751674985,0.124971
0.9,0.1,1.0,0.003359634677032321,0.139066
0.9,0.1,1.0,0.0,0.141421
0.9,0.1,0.9762781559684677,0.0,0.125771
0.9,0.1,0.9536672938650385,0.0,0.113491
0.9,0.1,0.9305848904017157,0.0,0.104573
0.9,0.1,0.9112564498007774,0.0,0.100632
0.9,0.1,0.8952550714580418,0.0,0.100113
0.9,0.1,0.8918218515857392,0.0,0.100334
0.9,0.1,0.8816072665521952,0.0,0.101677
0.9,0.1,0.871324543924719,0.0,0.10403
0.9,0.1,0.8596061812799181,0.0,0.10785
0.9,0.1,0.8430986090878774,0.0,0.115056
0.9,0.1,0.8284625641577132,0.0,0.122954
0.9,0.1,0.8353942168591697,0.0,0.119054
0.9,0.1,0.8425208281774691,0.0,0.115342
0.9,0.1,0.8331970575537977,0.0,0.120261
0.9,0.1,0.8229951660242882,0.0,0.126213
0.9,0.1,0.8095214312727275,0.0,0.134857
0.9,0.1,0.799217599761145,0.0,0.141976
0.9,0.1,0.7876777179620634,0.0,0.150387
0.9,0.1,0.7738969598234149,0.0,0.160941
0.9,0.1,0.7667380523154987,0.0,0.16661
0.9,0.1,0.7628756740670866,0.0,0.169715
0.9,0.1,0.7589983744986695,0.0,0.172863
0.9,0.1,0.7649907240698617,0.0,0.16801
0.9,0.1,0.7785972238216967,0.0,0.157285
0.9,0.1,0.8029002461328332,0.0,0.139386
0.9,0.1,0.8276846488565492,0.0,0.123408
0.9,0.1,0.8497192893009917,0.0,0.111929
0.9,0.1,0.8692852620407681,0.0,0.104611
0.9,0.1,0.8844632686045755,0.0,0.1012
0.9,0.1,0.8844632686045755,0.004843934590861292,0.096416
0.9,0.1,0.8725729668600898,0.004843934590861292,0.09903
0.9,0.1,0.8614212751740691,0.0018338751214151251,0.105475
0.9,0.1,0.8390241001818102,0.0,0.117124
0.9,0.1,0.8083103874546622,0.0,0.135672
0.9,0.1,0.7845703140047726,0.0,0.152722
0.9,0.1,0.7671396796702894,0.0,0.166288
0.9,0.1,0.7542729032052186,0.0,0.176738
0.9,0.1,0.7458797400624799,0.0,0.18372
0.9,0.1,0.7401820893358804,0.0,0.188525
0.9,0.1,0.7358097767548224,0.0,0.192246
0.9,0.1,0.7304051970586282,0.0,0.196882
0.9,0.1,0.72687459191793,0.0,0.199931
0.9,0.1,0.7344642391745797,0.0,0.193396
0.9,0.1,0.7502890203329391,0.0,0.180037
0.9,0.1,0.7886733194275424,0.0,0.149645
0.9,0.1,0.8461198385083641,0.000244720942793767,0.113376
0.9,0.1,0.8939273682950722,0.036511360626543136,0.063778
0.9,0.1,0.9314996039278237,0.06534764241667743,0.04683
0.9,0.1,0.964641974249296,0.08375327818701142,0.066652
0.9,0.1,0.9890828828668063,0.09678658376414184,0.089141
0.9,0.1,1.0,0.10709185163020532,0.100251
0.9,0.1,1.0,0.11843316553682662,0.101685
0.9,0.1,1.0,0.12925619983257103,0.104192
0.9,0.1,1.0,0.14366949981733157,0.109119
0.9,0.1,1.0,0.1550589492079272,0.114156
0.9,0.1,1.0,0.16437370140225574,0.118928
0.9,0.1,1.0,0.1716227299777879,0.123003
0.9,0.1,1.0,0.17547221370695934,0.125284
0.9,0.1,1.0,0.17891078491104467,0.127385
0.9,0.1,1.0,0.17332810525404124,0.124004
0.9,0.1,1.0,0.16538147933331238,0.119477
0.9,0.1,1.0,0.15163439432992462,0.112544
0.9,0.1,1.0,0.13880161367713795,0.107264
0.9,0.1,1.0,0.12716903281402353,0.103625
0.9,0.1,1.0,0.11776423792495638,0.101566
0.9,0.1,1.0,0.10452173233906362,0.100102
0.9,0.1,1.0,0.09278589245021611,0.10026
0.9,0.1,1.0,0.07885619723934599,0.102211
0.9,0.1,1.0,0.06727367455399177,0.105219
0.9,0.1,1.0,0.05920063618062113,0.108003
0.9,0.1,1.0,0.05421925967717772,0.109981
0.9,0.1,1.0,0.05094918225965573,0.111382
0.9,0.1,1.0,0.046943804414375165,0.113203
0.9,0.1,1.0,0.04377341448368527,0.114723
0.9,0.1,1.0,0.04777745566241948,0.112815
0.9,0.1,1.0,0.05497012969556804,0.109671
0.9,0.1,1.0,0.06704512159257005,0.10529
0.9,0.1,1.0,0.0794999869930978,0.10208
0.9,0.1,1.0,0.09399395432302168,0.10018
0.9,0.1,1.0,0.11065568813536683,0.100566
0.9,0.1,1.0,0.12762033053718153,0.103744
0.9,0.1,1.0,0.14507680240780457,0.10969
0.9,0.1,1.0,0.16193109081603985,0.117624
0.9,0.1,1.0,0.17273786326831186,0.123656
0.9,0.1,1.0,0.17671169422356825,0.126034
0.9,0.1,1.0,0.16816702392342706,0.121024
0.9,0.1,1.0,0.15719685200722744,0.115202
0.9,0.1,1.0,0.14365215424053754,0.109112
0.9,0.1,1.0,0.1281188122816947,0.103878
0.9,0.1,1.0,0.09665553104567746,0.100056
0.9,0.1,0.9635139139056286,0.07040836529614967,0.070069
0.9,0.1,0.9213601856926497,0.04930063137137762,0.055015
0.9,0.1,0.8886701943353079,0.03136810557823286,0.069561
0.9,0.1,0.862332281345103,0.017456139120472596,0.090732
0.9,0.1,0.8375711199446476,0.005257180436142039,0.113462
0.9,0.1,0.8149434905655641,0.0,0.131281
0.9,0.1,0.7979213716470153,0.0,0.142899
0.9,0.1,0.7857466187961966,0.0,0.151835
0.9,0.1,0.780205489421066,0.0,0.156047
0.9,0.1,0.7749742186336461,0.0,0.160098
0.9,0.1,0.7680495348550958,0.0,0.165562
0.9,0.1,0.7634861666767683,0.0,0.169222
0.9,0.1,0.7592062197261238,0.0,0.172693
0.9,0.1,0.755372121778741,0.0,0.175833
0.9,0.1,0.7523575072846415,0.0,0.178321
0.9,0.1,0.757732033546611,0.0,0.173897
0.9,0.1,0.7734480167173535,0.0,0.161293
0.9,0.1,0.7932731033190141,0.0,0.146255
0.9,0.1,0.8127430018849835,0.0,0.132717
0.9,0.1,0.8310685181611601,0.0,0.121456
0.9,0.1,0.8489148591396936,0.0,0.112293
0.9,0.1,0.8656086128451794,0.0031614305587149773,0.102764
0.9,0.1,0.8767588043318844,0.009056008840913751,0.093867
0.9,0.1,0.8851364987282399,0.0130443822513883,0.088217
0.9,0.1,0.8934241953158276,0.016428668467544403,0.08383
0.1,0.9,0.8934241953158276,0.016428668467544403,1.187527
0.1,0.9,0.9080086155582838,0.024327802801139917,1.191503
0.1,0.9,0.9201258504149714,0.02949726623167512,1.195986
0.1,0.9,0.9304015526341961,0.03471419515831494,1.199286
0.1,0.9,0.9383659801471602,0.03948164459474916,1.201395
0.1,0.9,0.943766607005549,0.043202306387654765,1.202516
0.1,0.9,0.9473660148175133,0.043202306387654765,1.205044
0.1,0.9,0.9417861369439658,0.043202306387654765,1.201127
0.1,0.9,0.9352794583388021,0.038578175165408804,1.199891
0.1,0.9,0.9205269714226763,0.029686900275037082,1.196123
0.1,0.9,0.8563618814113187,0.0,1.17562
0.1,0.9,0.7660642596891604,0.0,1.119661
0.1,0.9,0.6593247750335274,0.0,1.059643
0.1,0.9,0.520955408665733,0.0,0.993581
0.1,0.9,0.33568527114349245,0.0,0.930348
0.1,0.9,0.1805924149092887,0.0,0.903601
0.1,0.9,0.02876525654482673,0.0,0.902815
0.1,0.9,0.0,0.0,0.905539
0.1,0.9,0.0015313387277201898,0.0,0.905371
0.1,0.9,0.05488471515437539,0.0,0.90113
0.1,0.9,0.14813900549203265,0.0010414575377445043,0.900247
0.1,0.9,0.29564394630657165,0.051098278464404116,0.871155
0.1,0.9,0.454064401989827,0.09575771105376474,0.87873
0.1,0.9,0.6188857133054789,0.13776612501745758,0.922086
0.1,0.9,0.7522285295253253,0.19151954929320358,0.962988
0.1,0.9,0.8668559299738128,0.25317711304989987,1.003219
0.1,0.9,0.9825574193969625,0.3529295830344008,1.038361
0.1,0.9,1.0,0.440978485076878,1.010297
0.1,0.9,1.0,0.5079041532941206,0.981702
0.1,0.9,1.0,0.5220351573684703,0.976144
0.1,0.9,1.0,0.5147173710923653,0.979001
0.1,0.9,1.0,0.4885077753484103,0.989609
0.1,0.9,0.971435052729829,0.42139761528859476,0.994213
0.1,0.9,0.8689056715249968,0.35440650549706093,0.942809
0.1,0.9,0.723752662295097,0.275001340345153,0.883001
0.1,0.9,0.5587348127134386,0.1889041394621695,0.846224
0.1,0.9,0.44704607346746,0.11659112802209039,0.856837
0.1,0.9,0.364076274104078,0.06821339894243651,0.8727
0.1,0.9,0.24722049419249875,0.014488119453003993,0.897667
0.1,0.9,0.13953968734767122,0.0,0.900868
0.1,0.9,0.0717803554478301,0.0,0.900442
0.1,0.9,0.0061025653907552935,0.0,0.904885
0.1,0.9,0.0,0.0,0.905539
0.1,0.9,0.0,0.015779858358098735,0.889857
0.1,0.9,0.0,0.04505815423105828,0.86077
0.1,0.9,0.0,0.10252390237713616,0.803721
0.1,0.9,0.0,0.13947883571116784,0.767067
0.1,0.9,0.0423182849738102,0.17995972497024487,0.722347
0.1,0.9,0.13887228238734908,0.20164074626135658,0.69944
0.1,0.9,0.25352985962457875,0.24104321232317993,0.676606
0.1,0.9,0.4476984535339874,0.2889234818872217,0.703071
0.1,0.9,0.6249302547734654,0.36369942830721314,0.750447
0.1,0.9,0.759257480988851,0.4300805860333271,0.809595
0.1,0.9,0.8341769174417113,0.4768618195119015,0.847385
0.1,0.9,0.8753686899196854,0.4985603954884113,0.873127
0.1,0.9,0.8845618129657106,0.5140754245813689,0.874343
0.1,0.9,0.8989834242285574,0.5217081514682571,0.884013
0.1,0.9,0.9130224951847766,0.5306663709862229,0.89298
0.1,0.9,0.9287045876805863,0.541629785840849,0.902873
0.1,0.9,0.9446519396057489,0.5560159134813103,0.91201
0.1,0.9,0.9592497634347914,0.5622883379023146,0.923233
0.1,0.9,0.9838835016841735,0.571269794597324,0.943034
0.1,0.9,1.0,0.571269794597324,0.958156
0.1,0.9,1.0,0.5571929044069851,0.963077
0.1,0.9,0.9761958852054732,0.5377015126282517,0.948145
0.1,0.9,0.8646802166061939,0.5125648514206804,0.857229
0.1,0.9,0.7568403252840491,0.4624276148223843,0.789246
0.1,0.9,0.6351640373704867,0.41105159357623894,0.724894
0.1,0.9,0.5295863745129554,0.35359343623268036,0.695057
0.1,0.9,0.45810035064705545,0.31123642990383904,0.689114
0.1,0.9,0.41272616791663563,0.2735052090236646,0.70021
0.1,0.9,0.37538210492879764,0.23955778118985321,0.715555
0.1,0.9,0.351277669087019,0.21587504737582716,0.728812
0.1,0.9,0.32855948309245353,0.19553865633584425,0.740611
0.1,0.9,0.29126583904207864,0.18279501149722086,0.742271
0.1,0.9,0.26313176099914326,0.17225324469463849,0.745806
0.1,0.9,0.20594783350729157,0.15918191844587098,0.748356
0.1,0.9,0.13088061511725319,0.1533427678107687,0.747296
0.1,0.9,0.058165707861966176,0.15677125102142353,0.744405
0.1,0.9,0.0011084543079251177,0.16868801259486638,0.737968
0.1,0.9,0.0,0.17706603598806264,0.729817
0.1,0.9,0.029509099617916867,0.17706603598806264,0.726363
0.1,0.9,0.09219248283882758,0.17706603598806264,0.722976
0.1,0.9,0.1511053781567788,0.18388662667865555,0.717935
0.1,0.9,0.19709431146849785,0.199742132433904,0.706957
0.1,0.9,0.28965314959413896,0.2132485019120638,0.712458
0.1,0.9,0.39332959005627277,0.22042129992815007,0.740182
0.1,0.9,0.4668007194191619,0.23182672894113215,0.762232
0.1,0.9,0.5314104241756541,0.2189696536491107,0.806174
0.1,0.9,0.5730782920083756,0.215007663027318,0.832477
0.1,0.9,0.6060540054964827,0.215007663027318,0.851648
0.1,0.9,0.6334111079672833,0.215007663027318,0.868183
0.1,0.9,0.644228673323438,0.215007663027318,0.874871
0.1,0.9,0.6540792321780962,0.22187141948924682,0.875707
0.1,0.9,0.6609209655576556,0.23020191206637067,0.873649
0.1,0.9,0.6571688242882485,0.23020191206637067,0.871244
0.1,0.9,0.654155130776789,0.22324240342803453,0.874694
0.1,0.9,0.6670966640218493,0.2037520694936075,0.897975
0.1,0.9,0.6882225266775504,0.18562396581994128,0.925386
0.1,0.9,0.6882225266775504,0.1790147721947884,0.930497
0.1,0.9,0.6815385081557139,0.1790147721947884,0.926287
0.1,0.9,0.6815385081557139,0.17131012428903983,0.932296
0.1,0.9,0.711091695906906,0.14938812122696613,0.967911
0.1,0.9,0.7399634826729148,0.13369305100434115,0.998389
0.1,0.9,0.7508754134190492,0.12774419464525688,1.009959
0.1,0.9,0.7581099846471463,0.12774419464525688,1.014637
0.1,0.9,0.7637493063866091,0.1307729385320322,1.016009
0.1,0.9,0.7637493063866091,0.1370222645865112,1.011285
0.1,0.9,0.7687537860247673,0.142375940156583,1.010557
0.1,0.9,0.7812429159587937,0.1555332757134827,1.00912
0.1,0.9,0.8055472099335612,0.17693920301789118,1.010254
0.1,0.9,0.7896882528838445,0.22433101533656152,0.965504
0.1,0.9,0.7575485047187682,0.26323151167414627,0.915338
0.1,0.9,0.7126728857381843,0.30977557337855455,0.850725
0.1,0.9,0.6741660742590068,0.3306742117292176,0.808578
0.1,0.9,0.6489038000893318,0.351398385420161,0.776054
0.1,0.9,0.6428069068006388,0.3697401798258876,0.758825
0.1,0.9,0.6233352837137972,0.3890428872277766,0.731408
0.1,0.9,0.5429523353056034,0.416560125689061,0.655684
0.1,0.9,0.47804903701263035,0.416560125689061,0.613706
0.1,0.9,0.3913378597665126,0.41231679839260527,0.568078
0.1,0.9,0.32660427331642944,0.3879710626395748,0.559931
0.1,0.9,0.29672833995007175,0.3631697532836816,0.571742
0.1,0.9,0.2696784382789571,0.33108218241410936,0.593682
0.1,0.9,0.23502810895229187,0.31028090731748836,0.60498
0.1,0.9,0.19961752058192336,0.2924112672917394,0.615701
0.1,0.9,0.16317709382592036,0.27573951207357417,0.627449
0.1,0.9,0.10501937155294962,0.2627470971157524,0.637273
0.1,0.9,0.034880939886380455,0.23247863434207233,0.67069
0.1,0.9,0.0,0.17093808468815563,0.735888
0.1,0.9,0.0,0.1365363718039772,0.769985
0.1,0.9,0.0,0.10171785442243529,0.804521
0.1,0.9,0.0,0.09082047972456743,0.815335
0.1,0.9,0.0,0.07515402344854974,0.830886
0.1,0.9,0.0,0.0787797418026485,0.827286
0.1,0.9,0.0,0.10036019020782622,0.805868
0.1,0.9,0.0,0.11537758019667568,0.790969
0.1,0.9,0.0,0.12938577777049992,0.777075
0.1,0.9,0.0,0.12606093589838013,0.780373
0.1,0.9,0.0,0.12070188670937237,0.785688
0.1,0.9,0.0,0.11284752365220391,0.793479
0.1,0.9,0.0,0.11635054804741776,0.790004
0.1,0.9,0.0,0.12809749441303064,0.778353
0.1,0.9,0.0,0.12395396527625277,0.782462
0.1,0.9,0.0,0.10475523552477074,0.801507
0.1,0.9,0.0,0.08528579548941578,0.820828
0.1,0.9,0.0,0.06967618488228505,0.836324
0.1,0.9,0.0,0.05581514804959378,0.850087
0.1,0.9,0.0,0.03972678803547409,0.866066
0.1,0.9,0.0,0.0192435875012604,0.886415
0.1,0.9,0.0,0.006880417542212475,0.8987
0.1,0.9,0.0,0.0,0.905539
0.9,0.9,0.0,0.0,1.272792
0.9,0.9,0.04645678904506578,0.0,1.240377
0.9,0.9,0.0886593729768487,0.03550122725947661,1.185593
0.9,0.9,0.16352223090727577,0.09515100463359698,1.090954
0.9,0.9,0.31901853162443966,0.20677860013018806,0.904486
0.9,0.9,0.5344576278246592,0.3783820596076184,0.636951
0.9,0.9,0.7256173484088433,0.5909345406375079,0.354867
0.9,0.9,0.8654828120954339,0.848273536271841,0.062186
0.9,0.9,0.9699613567746239,1.0,0.122043
0.9,0.9,1.0,1.0,0.141421
0.9,0.9,1.0,0.9877816971314929,0.133062
0.9,0.9,1.0,0.9520183193685495,0.11272
0.9,0.9,1.0,0.9044699069102098,0.1001
0.9,0.9,1.0,0.8560122115620679,0.109247
0.9,0.9,1.0,0.815389563726977,0.130992
0.9,0.9,1.0,0.7812561342266338,0.155242
0.9,0.9,0.9962999514813382,0.7440486339381331,0.183288
0.9,0.9,0.9615576288401212,0.7032447738637322,0.20616
0.9,0.9,0.8894100481219152,0.6771176105799666,0.223134
0.9,0.9,0.8105740254152562,0.6681230407927805,0.248523
0.9,0.9,0.7487402980261915,0.6556613353000629,0.287369
0.9,0.9,0.7208848921459383,0.6482639629009078,0.308955
0.9,0.9,0.7260658479390903,0.6421796029374032,0.311006
0.9,0.9,0.7349512272284564,0.6421796029374032,0.306125
0.9,0.9,0.7498338070095594,0.6480764846090972,0.293284
0.9,0.9,0.7706828118607405,0.6618636327152624,0.270983
0.9,0.9,0.8026748873858542,0.6937342091499612,0.228074
0.9,0.9,0.8382844347135405,0.7277420306589328,0.18298
0.9,0.9,0.8854530496756821,0.7482383629566574,0.152457
0.9,0.9,0.9187385587701601,0.7748997703120424,0.126496
0.9,0.9,0.9466373342635251,0.8110796342976379,0.100409
0.9,0.9,0.9828626128581648,0.8490720620329413,0.097262
0.9,0.9,1.0,0.8930177517785309,0.100243
0.9,0.9,1.0,0.9397816102453562,0.107622
0.9,0.9,1.0,0.9774222801370032,0.126468
0.9,0.9,1.0,1.0,0.141421
0.9,0.9,0.9936373130973397,1.0,0.136996
0.9,0.9,0.9780528680468379,1.0,0.126855
0.9,0.9,0.9694367072519866,1.0,0.121743
0.9,0.9,0.9609665291117705,1.0,0.117119
0.9,0.9,0.9719724976743729,1.0,0.123207
0.9,0.9,0.9768777120832348,1.0,0.126136
0.9,0.9,0.9817956464967506,1.0,0.129192
0.9,0.9,1.0,1.0,0.141421
0.9,0.9,1.0,0.9954015871756111,0.138208
0.9,0.9,1.0,0.9532589636872839,0.113298
0.9,0.9,1.0,0.9205912298211099,0.102098
0.9,0.9,1.0,0.9019282720393484,0.100019
0.9,0.9,1.0,0.8901026497432691,0.100489
0.9,0.9,1.0,0.882131054201603,0.101584
0.9,0.9,1.0,0.877241473846488,0.102557
0.9,0.9,1.0,0.8844698389749088,0.101199
0.9,0.9,1.0,0.8914876428879448,0.100362
0.9,0.9,1.0,0.8880997072208048,0.100706
0.9,0.9,1.0,0.8932500086550744,0.100228
0.9,0.9,1.0,0.8972257543522495,0.100038
0.9,0.9,1.0,0.8930685286942144,0.10024
0.9,0.9,1.0,0.8825975999592305,0.101503
0.9,0.9,1.0,0.8487811548946609,0.112354
0.9,0.9,0.9503810460016184,0.7916923406841453,0.119452
0.9,0.9,0.8770859835015193,0.7539832107614384,0.147804
0.9,0.9,0.7931008247665097,0.720375058497007,0.209028
0.9,0.9,0.726406980404219,0.6943915245524281,0.26909
0.9,0.9,0.6725729618706578,0.6720812242127066,0.321978
0.9,0.9,0.6267213044346824,0.6497111311310824,0.370575
0.9,0.9,0.5921934907558216,0.6320707299658115,0.408082
0.9,0.9,0.5625029456030153,0.6140936314167476,0.44232
0.9,0.9,0.5452100187241522,0.5896822892097409,0.471352
0.9,0.9,0.5318277331319443,0.567940298543954,0.495797
0.9,0.9,0.5230673959191584,0.548383499869243,0.515473
0.9,0.9,0.5230673959191584,0.5348421353313424,0.524803
0.9,0.9,0.5182696715698539,0.5087548241208426,0.546618
0.9,0.9,0.5148907010464966,0.49075872037137147,0.56195
0.9,0.9,0.5148907010464966,0.48319852535071944,0.567479
0.9,0.9,0.49933579590074556,0.48927793747933657,0.573781
0.9,0.9,0.49933579590074556,0.5079383566366749,0.560575
0.9,0.9,0.5218798048231692,0.5370444046983066,0.524129
0.9,0.9,0.5620000020768755,0.5761136818994014,0.468131
0.9,0.9,0.6077466849985951,0.6151351615226555,0.408118
0.9,0.9,0.6444804179468224,0.6452896459689308,0.360788
0.9,0.9,0.6700916270554856,0.6670366217482699,0.327307
0.9,0.9,0.6882566154607724,0.6798957477927525,0.30542
0.9,0.9,0.6997727211007905,0.6879154269602847,0.291669
0.9,0.9,0.7052214925108682,0.6937267781322367,0.283703
0.9,0.9,0.7094523313106227,0.6991247808000844,0.276874
0.9,0.9,0.7094523313106227,0.7052902187242174,0.272434
0.9,0.9,0.7150154204802633,0.7125546792385564,0.263353
0.9,0.9,0.728486239799371,0.720817538568783,0.248039
0.9,0.9,0.7493519607127795,0.7323064774844736,0.225424
0.9,0.9,0.7645450208604433,0.7400544078007909,0.209596
0.9,0.9,0.7767655600549624,0.7476351143411754,0.195964
0.9,0.9,0.7828321622274175,0.7508126300405193,0.189698
0.9,0.9,0.7880840350588932,0.7508126300405193,0.186499
0.9,0.9,0.7957268103310879,0.7508126300405193,0.182016
0.9,0.9,0.8217999281367211,0.7555844608751444,0.164229
0.9,0.9,0.8385645202043549,0.7596111226417126,0.153243
0.9,0.9,0.8540466140011973,0.767768438756174,0.139989
0.9,0.9,0.876097157349585,0.7803982261258485,0.121967
0.9,0.9,0.901655313873218,0.7870271519197085,0.112985
0.9,0.9,0.9197958365805108,0.7925476951992607,0.109261
0.9,0.9,0.9290019261568022,0.7925476951992607,0.111297
0.9,0.9,0.9328385293296018,0.7925476951992607,0.112358
0.9,0.9,0.9296274172870813,0.7925476951992607,0.111462
0.9,0.9,0.9261878442697563,0.7925476951992607,0.110597
0.9,0.9,0.921563715308587,0.7925476951992607,0.109595
0.9,0.9,0.9134225915814275,0.788728679814589,0.112078
0.9,0.9,0.9035765518744243,0.7816498241102356,0.118404
0.9,0.9,0.8836657978721729,0.7649915007734793,0.135993
0.9,0.9,0.8666371708568682,0.7507787915672307,0.152905
0.9,0.9,0.857066077109991,0.739129898746429,0.166501
0.9,0.9,0.853487864830046,0.7295535248386407,0.176679
0.9,0.9,0.8501825841500315,0.7198175121214974,0.186943
0.9,0.9,0.8501825841500315,0.7116648202596213,0.194813
0.9,0.9,0.8501825841500315,0.7049794361833067,0.201283
0.9,0.9,0.8501825841500315,0.7004779304311732,0.205647
0.9,0.9,0.8467866626607594,0.7004779304311732,0.206496
0.9,0.9,0.841849343835023,0.7052628699865544,0.203234
0.9,0.9,0.8379943331264135,0.7107661789651452,0.199133
0.9,0.9,0.8332777134384688,0.7142364198731521,0.197383
0.9,0.9,0.838329758372603,0.7142364198731521,0.195733
0.9,0.9,0.847838935504255,0.7142364198731521,0.192948
0.9,0.9,0.852551856710519,0.7142364198731521,0.191727
0.9,0.9,0.8581768691284632,0.7273558899957788,0.177638
0.9,0.9,0.8623631100006179,0.7273558899957788,0.176699
0.9,0.9,0.8798852570148451,0.7216373710696466,0.179493
0.9,0.9,0.8919170967790107,0.7216373710696466,0.178546
0.9,0.9,0.8952249688950223,0.7278064224001721,0.17226
0.9,0.9,0.8829748058023128,0.7403238110216417,0.160581
0.9,0.9,0.8875637930452207,0.7403238110216417,0.16016
0.9,0.9,0.8875637930452207,0.7448736944097679,0.155624
0.9,0.9,0.8815685091465083,0.7533022538552985,0.147851
0.9,0.9,0.873829000717955,0.7577233736208699,0.144664
0.9,0.9,0.8688351628004845,0.7577233736208699,0.14565
0.9,0.9,0.8599462638344744,0.7577233736208699,0.147807
0.9,0.9,0.8555928492894124,0.7577233736208699,0.149046
0.9,0.9,0.8491212120537017,0.7577233736208699,0.1511
0.9,0.9,0.8419780203971667,0.7607689355199143,0.150837
0.9,0.9,0.8343508649877638,0.7607689355199143,0.153932
0.9,0.9,0.8264846885314777,0.7607689355199143,0.157448
0.9,0.9,0.8178629275770551,0.7607689355199143,0.161653
0.9,0.9,0.8086539266604009,0.7607689355199143,0.166521
0.9,0.9,0.7996816688065116,0.7607689355199143,0.171607
0.9,0.9,0.7930338459104336,0.7607689355199143,0.175576
0.9,0.9,0.7885980518957953,0.7607689355199143,0.178313
0.9,0.9,0.7835386114966232,0.7607689355199143,0.181517
0.9,0.9,0.7792095081783514,0.7607689355199143,0.184325
0.9,0.9,0.7754596344782307,0.7607689355199143,0.186804
0.9,0.9,0.7702416135340904,0.7607689355199143,0.190322
0.9,0.9,0.7765882911255293,0.7607689355199143,0.186053
0.9,0.9,0.8238211559908106,0.754560748276356,0.164182
0.9,0.9,0.8721904805689967,0.7676897882229745,0.135201
0.9,0.9,0.916696797480775,0.7913821002579267,0.109894
0.9,0.9,0.960639483791804,0.8248942816736391,0.09653
0.9,0.9,1.0,0.8595666597108431,0.107865
0.9,0.9,1.0,0.8843615334640809,0.101215
0.9,0.9,1.0,0.9045716613867673,0.100104
0.5,0.5,1.0,0.025329365739000992,0.689429
0.5,0.5,1.0,0.05446989446192097,0.669699
0.5,0.5,1.0,0.08763462640275627,0.648109
0.5,0.5,1.0,0.13043959639758362,0.621751
0.5,0.5,1.0,0.1723072261334122,0.597815
0.5,0.5,1.0,0.21441124692263736,0.575813
0.5,0.5,0.9990796202116831,0.256959297678196,0.555112
0.5,0.5,0.9771021863423022,0.2954284477960618,0.519111
0.5,0.5,0.9640107639898254,0.33265328094006763,0.493266
0.5,0.5,0.9311106706005254,0.4006406129563391,0.442412
0.5,0.5,0.8975636837649001,0.4603856068934391,0.399532
0.5,0.5,0.8628823702993275,0.5153438078924542,0.363207
0.5,0.5,0.8492407341992985,0.5588690947562855,0.354168
0.5,0.5,0.8353718477594856,0.6317082100636124,0.360307
0.5,0.5,0.8225593765682725,0.6899644518755779,0.374341
0.5,0.5,0.8598942856561542,0.7389587944856242,0.432001
0.5,0.5,0.9074891537452947,0.777120110007179,0.492791
0.5,0.5,0.9036076601766926,0.8083202092434139,0.507898
0.5,0.5,0.8983911482146685,0.8363809713650809,0.521409
0.5,0.5,0.9071916827983226,0.8499068614922844,0.53688
0.5,0.5,0.92735540446325,0.8554692017801152,0.55587
0.5,0.5,0.956716681620998,0.8751746198279287,0.591055
0.5,0.5,1.0,0.8876592771621115,0.632677
0.5,0.5,1.0,0.9125956848092629,0.648256
0.5,0.5,1.0,0.9332466752742443,0.661591
0.5,0.5,1.0,0.9436004464602759,0.668417
0.5,0.5,1.0,0.9531896693252944,0.674819
0.5,0.5,1.0,0.9621448099160428,0.680865
0.5,0.5,1.0,0.96962127553725,0.685962
0.5,0.5,1.0,0.9775035321461595,0.691382
0.5,0.5,1.0,0.9837845587425954,0.695735
0.5,0.5,1.0,0.9687330741745854,0.685354
0.5,0.5,1.0,0.942539551421376,0.667713
0.5,0.5,1.0,0.889075490785624,0.633545
0.5,0.5,1.0,0.8269446817184332,0.597405
0.5,0.5,0.889148944002928,0.6622647362622085,0.421624
0.5,0.5,0.6609726254550312,0.3823158502490377,0.199403
0.5,0.5,0.41443326701069066,0.10752700187159624,0.401692
0.5,0.5,0.163888480819142,0.0,0.602471
0.5,0.5,0.0,0.0,0.707107
0.5,0.5,0.11590526794367882,0.0,0.630499
0.5,0.5,0.22242054877768427,0.09699782119385647,0.489348
0.5,0.5,0.2854798197678108,0.3056710929561926,0.289452
0.5,0.5,0.39404411709016607,0.5077912573237617,0.106242
0.5,0.5,0.5174347991880562,0.6436875127274808,0.144741
0.5,0.5,0.5993014107420134,0.7333507021808584,0.253601
0.5,0.5,0.6861005461153509,0.8444565617141038,0.391515
0.5,0.5,0.6861005461153509,0.9614709845608775,0.497583
0.5,0.5,0.6898651852176488,1.0,0.534835
0.5,0.5,0.677537793617532,1.0,0.530584
0.5,0.5,0.6675581431085063,1.0,0.527329
0.5,0.5,0.6618248200785369,1.0,0.525535
0.5,0.5,0.6726455857801233,1.0,0.528967
0.5,0.5,0.6936504164172818,1.0,0.536191
0.5,0.5,0.7330486550929216,1.0,0.551645
0.5,0.5,0.738172876998656,1.0,0.553829
0.5,0.5,0.6751472026361933,0.9866166217867249,0.517177
0.5,0.5,0.623679210577144,0.8900235952130501,0.409164
0.5,0.5,0.6161256728917763,0.8113361010900649,0.332288
0.5,0.5,0.6514457823718005,0.7387826731472844,0.28276
0.5,0.5,0.698791469106662,0.6811497059619318,0.268948
0.5,0.5,0.7461173572104852,0.6256839022659539,0.276352
0.5,0.5,0.7521881123377294,0.5797337357280492,0.264493
0.5,0.5,0.7521881123377294,0.5319745621192317,0.254207
0.5,0.5,0.7521881123377294,0.4850291815738828,0.252632
0.5,0.5,0.7521881123377294,0.44361324632479904,0.258415
0.5,0.5,0.7521881123377294,0.4078279228322731,0.268504
0.5,0.5,0.7439823253081242,0.3769907525358017,0.273237
0.5,0.5,0.7166713616441511,0.3393694567814467,0.26972
0.5,0.5,0.6918025133419008,0.30708480349713774,0.272038
0.5,0.5,0.6553627813194427,0.2895923458145455,0.261551
0.5,0.5,0.6127526354853983,0.2686196323032688,0.257391
0.5,0.5,0.5707225651073375,0.23951015370309087,0.26992
0.5,0.5,0.5223819451943991,0.20450942479021594,0.296337
0.5,0.5,0.4860014277206943,0.14621249763859975,0.354064
0.5,0.5,0.43820646123596274,0.08630705943818075,0.418283
0.5,0.5,0.4131181412940233,0.03551615571315124,0.47254
0.5,0.5,0.35879020274823425,0.0,0.519558
0.5,0.5,0.32207765005281663,0.0,0.530713
0.5,0.5,0.29469484081672864,0.0,0.540509
0.5,0.5,0.2759881532971896,0.0,0.547888
0.5,0.5,0.25425903375602554,0.0,0.557125
0.5,0.5,0.2231957586935352,0.0,0.571507
0.5,0.5,0.20405818749625396,0.0,0.581018
0.5,0.5,0.199324159614144,0.0,0.583443
0.5,0.5,0.21344073757822582,0.0021255106214860273,0.574452
0.5,0.5,0.24397920594218606,0.022088431821695023,0.542168
0.5,0.5,0.26886637048897255,0.05030008075438741,0.505621
0.5,0.5,0.285337604724889,0.13026071888706095,0.427536
0.5,0.5,0.2912808005954968,0.1993444885897417,0.366002
0.5,0.5,0.3355953351082971,0.25744944742543685,0.293018
0.5,0.5,0.36350307289982375,0.29012293602800754,0.250359
0.5,0.5,0.39894870231805646,0.31511425672180465,0.210699
0.5,0.5,0.4290811338181073,0.33815979723101564,0.176697
0.5,0.5,0.4454281968866824,0.38167909291388813,0.130299
0.5,0.5,0.47933679803837387,0.4304925450809225,0.072514
0.5,0.5,0.5071235463466077,0.47169626460789194,0.029186
0.5,0.5,0.5118586466713793,0.506526217814292,0.013536
0.5,0.5,0.5118586466713793,0.5369508773915268,0.038807
0.5,0.5,0.5118586466713793,0.5589219875799099,0.060103
0.5,0.5,0.5169723299268904,0.5844865601691349,0.086174
0.5,0.5,0.52684345791764,0.6108589483036553,0.114063
0.5,0.5,0.5320873441122095,0.6322634816923647,0.1361
0.5,0.5,0.5320873441122095,0.6494305529105204,0.152837
0.5,0.5,0.5214353213072983,0.6566604005033295,0.15812
0.5,0.5,0.5159873730040535,0.6533669707591192,0.154198
0.5,0.5,0.5159873730040535,0.6403172725661024,0.141225
0.5,0.5,0.5117236882873117,0.6213297468722141,0.121895
0.5,0.5,0.5178788836960271,0.6059140889475219,0.107413
0.5,0.5,0.5253936599365151,0.5993763843882514,0.10257
0.5,0.5,0.5346543541555013,0.5993763843882514,0.105245
0.5,0.5,0.5393768739444524,0.5941395846430465,0.102043
0.5,0.5,0.5666024215201371,0.5670271870471698,0.094491
0.5,0.5,0.5825299265074515,0.5397020861422304,0.091583
0.5,0.5,0.6002686611840484,0.5129479273734757,0.101101
0.5,0.5,0.6219867338896652,0.4859534702782614,0.122793
0.5,0.5,0.6348851275365945,0.47048671872969394,0.138076
0.5,0.5,0.6482395095244595,0.45936003164712225,0.153709
0.5,0.5,0.6719827493752737,0.44797973203373886,0.179678
0.5,0.5,0.6917114704814868,0.44157570907464117,0.200416
0.5,0.5,0.7002817334805027,0.44157570907464117,0.208629
0.5,0.5,0.7051473052948873,0.44157570907464117,0.213305
0.5,0.5,0.7007117672473526,0.44157570907464117,0.209042
0.5,0.5,0.6907754228623381,0.4462419152023131,0.198205
0.5,0.5,0.66037584787819,0.4462419152023131,0.169146
0.5,0.5,0.6482344848527504,0.433477332897938,0.162477
0.5,0.5,0.6131029241484454,0.40185263867279963,0.14975
0.5,0.5,0.5778592920512056,0.3235108209555675,0.1929
0.5,0.5,0.5415457781553226,0.25691005783285387,0.246615
0.5,0.5,0.48823102713783817,0.16202474666308145,0.33818
0.5,0.5,0.43536670246524667,0.0853298762220155,0.419677
0.5,0.5,0.3524842846305546,0.015287741289438661,0.506662
0.5,0.5,0.27774188674888145,0.0,0.547173
0.5,0.5,0.18682223844277385,0.0,0.589983
0.5,0.5,0.12153150151749438,0.0,0.627087
0.5,0.5,0.06924833190956656,0.0,0.65996
0.5,0.5,0.033496595915267456,0.0,0.683831
0.5,0.5,0.016613867003648322,0.0,0.695458
0.5,0.5,0.009265964779928944,0.0,0.700585
0.5,0.5,0.02461141163349085,0.0,0.689923
0.5,0.5,0.05505282037801544,0.0,0.669312
0.5,0.5,0.08150336377491418,0.0,0.652027
0.5,0.5,0.123375792650681,0.0,0.625976
0.5,0.5,0.13667666602263873,0.0,0.618065
0.5,0.5,0.15510786092535833,0.004911806683892045,0.603376
0.5,0.5,0.1411255181387746,0.05639692081575467,0.570591
0.5,0.5,0.17484183690801292,0.08735847776707806,0.525358
0.5,0.5,0.2339759268997282,0.13995726769474393,0.44766
0.5,0.5,0.29908401020610176,0.21018749124069755,0.352645
0.5,0.5,0.32091175083259216,0.29273893755625846,0.273916
0.5,0.5,0.36701119847694197,0.3481529563853482,0.20185
0.5,0.5,0.40408329439581836,0.39852701018970704,0.139631
0.5,0.5,0.43134715807075913,0.4398730238016945,0.09126
0.5,0.5,0.44977824467389615,0.48408132018089267,0.052684
0.5,0.5,0.4539304590304045,0.54383446234447,0.063591
0.5,0.5,0.46358466060855097,0.6046849407674351,0.110838
0.5,0.5,0.499510647254211,0.6526019411923822,0.152603
0.5,0.5,0.5283250544515162,0.6965467668317793,0.198577
0.5,0.5,0.5899116720998832,0.7363059075561459,0.252833
0.5,0.5,0.6156072210892656,0.7682761650275898,0.292125
0.5,0.5,0.631793045879425,0.7905397477510969,0.319034
0.5,0.5,0.6424774038109559,0.8052790874712354,0.33689
0.5,0.5,0.6469323439642767,0.8104723398042675,0.343485
0.5,0.5,0.6057630934530395,0.8194220064617139,0.336476
0.5,0.5,0.5828581692192958,0.8194220064617139,0.329994
0.5,0.5,0.5731011060109773,0.8160355044796677,0.32438
0.5,0.5,0.5662318212497811,0.8123503114642145,0.319295
0.5,0.5,0.5662318212497811,0.7989983864685128,0.306246
0.5,0.5,0.5662318212497811,0.7715524608133987,0.279513
0.5,0.5,0.5558858528226496,0.723058402638948,0.229953
0.5,0.5,0.550675812572827,0.6470677486609092,0.155554
0.5,0.5,0.5409903280328041,0.5896910354829359,0.098614
0.5,0.5,0.5298911974975689,0.5472798267047821,0.055936
0.5,0.5,0.5298911974975689,0.5048175243609255,0.030277
0.5,0.5,0.5298911974975689,0.47191209211397983,0.041017
0.5,0.5,0.5350014065669753,0.4577415683272753,0.054871
0.5,0.5,0.5417305743209768,0.4577415683272753,0.05939
0.5,0.5,0.5521894707012998,0.4577415683272753,0.067153
0.5,0.5,0.5621047204647209,0.46378369313814494,0.071893
0.5,0.5,0.5764957422800235,0.4708914352577897,0.081847
0.5,0.5,0.6013023827099514,0.48307767466983775,0.102706
0.5,0.5,0.6231416590003791,0.4860856978590113,0.123925
0.5,0.5,0.6361922144360582,0.4893250923463288,0.13661
0.5,0.5,0.6437002622549967,0.4893250923463288,0.144096
0.5,0.5,0.6364215154593307,0.5001945741876372,0.136422
0.5,0.5,0.619045027237604,0.5061815498993274,0.119205
0.5,0.5,0.5961551951393342,0.49909433559153293,0.096159
0.5,0.5,0.5729011263432868,0.46662706734316023,0.080177
0.5,0.5,0.5523071659294198,0.43121600350323613,0.086413
0.5,0.5,0.5192349652191277,0.38971707250137555,0.111948
0.5,0.5,0.47437369874589375,0.34477822974628164,0.157323
0.1,0.1,0.47437369874589375,0.34477822974628164,0.447294
0.1,0.1,0.4285647130395329,0.3020913608028774,0.38574
0.1,0.1,0.3965905478564835,0.2733044582665463,0.343512
0.1,0.1,0.3754498927059793,0.2558613175617994,0.316489
0.1,0.1,0.36357022761686875,0.24653576092116705,0.301566
0.1,0.1,0.3558887857895981,0.2420544535890486,0.292675
0.1,0.1,0.3505801978075161,0.23851446308099683,0.286316
0.1,0.1,0.34722960200501646,0.23851446308099683,0.283388
0.1,0.1,0.3400674052667303,0.23851446308099683,0.277162
0.1,0.1,0.34702843860760924,0.23851446308099683,0.283212
0.1,0.1,0.3674471754375971,0.24299468536225255,0.303275
0.1,0.1,0.40303521921502317,0.25771108107715945,0.341618
0.1,0.1,0.43061516438665337,0.2682391646186643,0.370959
0.1,0.1,0.464169910303711,0.2816887254215783,0.406977
0.1,0.1,0.5025696173685064,0.30335851081304976,0.451018
0.1,0.1,0.535111218856594,0.32805672086718185,0.491255
0.1,0.1,0.555239897768694,0.36902624248581833,0.52879
0.1,0.1,0.5721669429680732,0.4028918890560311,0.560968
0.1,0.1,0.5854542389466437,0.4306503179990892,0.587363
0.1,0.1,0.6000429469005011,0.45247812019800704,0.611787
0.1,0.1,0.6193142365847836,0.46264218427226056,0.633401
0.1,0.1,0.6789289164082144,0.4756058310410074,0.6901
0.1,0.1,0.7376698401734767,0.485001626709923,0.744882
0.1,0.1,0.7862708112334812,0.4896825034923083,0.78919
0.1,0.1,0.8209699899142888,0.4896825034923083,0.819543
0.1,0.1,0.8432260316766916,0.4896825034923083,0.839189
0.1,0.1,0.8673005830844935,0.48340104714983856,0.857757
0.1,0.1,0.8851023298432591,0.47795666002546583,0.871342
0.1,0.1,0.8588465511688198,0.4989225001913473,0.857314
0.1,0.1,0.846503528163958,0.5106708088386694,0.852008
0.1,0.1,0.8419527627233645,0.5168002180204028,0.851009
0.1,0.1,0.8419527627233645,0.521318762958547,0.853231
0.1,0.1,0.8250949408841128,0.5058362510220267,0.830943
0.1,0.1,0.8405242571329165,0.474378648024911,0.82978
0.1,0.1,0.8548907327230428,0.4598813327590594,0.836286
0.1,0.1,0.8834543963041473,0.45067508064875605,0.858355
0.1,0.1,0.9006145700964061,0.45067508064875605,0.874046
0.1,0.1,0.9198526436345442,0.4656074965619605,0.897679
0.1,0.1,0.9198526436345442,0.4773076506784005,0.902507
0.1,0.1,0.902909661754473,0.48517235750177157,0.890518
0.1,0.1,0.8965287910071507,0.4902526221400046,0.886992
0.1,0.1,0.9069222336308413,0.4902526221400046,0.896337
0.1,0.1,0.9138954608937099,0.4902526221400046,0.90262
0.1,0.1,0.9138954608937099,0.49593009345842953,0.905089
0.1,0.1,0.9138954608937099,0.5121881075795245,0.912318
0.1,0.1,0.9138954608937099,0.5293695592490425,0.920209
0.1,0.1,0.9659956589006506,0.5505687355003175,0.976197
0.1,0.1,1.0,0.5668168341180903,1.013863
0.1,0.1,1.0,0.5900517562624803,1.024769
0.1,0.1,1.0,0.5820118143255193,1.020948
0.1,0.1,1.0,0.5661679019138319,1.013564
0.1,0.1,0.994055114949269,0.5332029299480914,0.993478
0.1,0.1,0.9732168310840796,0.5117587742199801,0.965429
0.1,0.1,0.958288712214926,0.5024533640927187,0.94796
0.1,0.1,0.9501770729556586,0.5024533640927187,0.940622
0.1,0.1,0.9332511062654599,0.5061955366042936,0.926986
0.1,0.1,0.9471878898813071,0.5339220975666472,0.951849
0.1,0.1,0.9377869558630584,0.5629519389746356,0.957189
0.1,0.1,0.9491567707501254,0.5958671971545866,0.983337
0.1,0.1,0.9241529983011979,0.5998815665685998,0.963903
0.1,0.1,0.9023777050689823,0.5998815665685998,0.945353
0.1,0.1,0.8703627461937438,0.591935402522828,0.914035
0.1,0.1,0.8560633943423883,0.5777308913433763,0.894348
0.1,0.1,0.8461551636777427,0.5702839211417707,0.881995
0.1,0.1,0.8344153180471876,0.5621741623051744,0.867739
0.1,0.1,0.8212704123931629,0.5562750085793862,0.853474
0.1,0.1,0.8503207001597681,0.5921395000613316,0.89732
0.1,0.1,0.8809765006602659,0.6193378782976342,0.937889
0.1,0.1,0.9068381820083405,0.6391425082549809,0.970393
0.1,0.1,0.9245270139195472,0.653043983539694,0.992825
0.1,0.1,0.9482046970587297,0.6149310046001341,0.992273
0.1,0.1,0.921574459602815,0.5437249510651387,0.933743
0.1,0.1,0.9266503088672549,0.42858660727026177,0.889562
0.1,0.1,0.8334888609261879,0.2153331104312407,0.742501
0.1,0.1,0.6654362861812397,0.0,0.574211
0.1,0.1,0.4853591663052744,0.0,0.398123
0.1,0.1,0.3368314953315249,0.0,0.257078
0.1,0.1,0.1938408167648923,0.0,0.137135
0.1,0.1,0.1381930509855547,0.0,0.107045
0.1,0.1,0.0987707120918904,0.0,0.100008
0.1,0.1,0.06689734930768126,0.0,0.105337
0.1,0.1,0.026796689075065216,0.0,0.12393
0.1,0.1,0.0,0.0,0.141421
0.1,0.1,0.03161371726202919,0.0,0.121147
0.1,0.1,0.0812441974523811,0.0,0.101744
0.1,0.1,0.09319901861809024,0.0,0.100231
0.1,0.1,0.10405988253221571,0.0,0.100082
0.1,0.1,0.130741848204727,0.0,0.104619
0.1,0.1,0.16310531394124206,0.0,0.118247
0.1,0.1,0.19519784620554329,0.0,0.138067
0.1,0.1,0.20638930537396727,0.0,0.146009
0.1,0.1,0.2152108373395487,0.010607019880707343,0.145824
0.1,0.1,0.23426997249802603,0.026904070861626078,0.152877
0.1,0.1,0.2630791668987802,0.04777137812974254,0.171239
0.1,0.1,0.28719427387039864,0.06481515536869485,0.190472
0.1,0.1,0.3089041266754333,0.0753101285655616,0.210358
0.1,0.1,0.3158245324011797,0.07140801208211185,0.21771
0.1,0.1,0.3002832569957611,0.041801010891690304,0.208568
0.1,0.1,0.2679371316074939,0.025944556697683096,0.18354
0.1,0.1,0.22193275323067635,0.0,0.157695
0.1,0.1,0.1794080700895472,0.0,0.127694
0.1,0.1,0.1388922368220057,0.0,0.107297
0.1,0.1,0.09323720027687117,0.0,0.100228
0.1,0.1,0.05705736822051701,0.0,0.10883
0.1,0.1,0.03055231874685823,0.0,0.12175
0.1,0.1,0.010983378057032223,0.0,0.13388
0.1,0.1,0.0019324158975729056,0.0,0.140062
0.1,0.1,0.0,0.0,0.141421
0.1,0.1,0.0059398841482576435,0.01765864191140204,0.12501
0.1,0.1,0.010232596566739144,0.043235010696104303,0.106209
0.1,0.1,0.010232596566739144,0.06722019087342215,0.095565
0.1,0.1,0.007033105835602219,0.08407681326402429,0.094321
0.1,0.1,0.003801481030748476,0.10319472733023127,0.096252
0.1,0.1,0.003801481030748476,0.11774634926687677,0.097822
0.1,0.1,0.003801481030748476,0.12977559119614043,0.100701
0.1,0.1,0.003801481030748476,0.14294195413134908,0.105348
0.1,0.1,0.008242013903943704,0.15242542621139343,0.105679
0.1,0.1,0.01209392844556971,0.16145174596204998,0.107256
0.1,0.1,0.018265587328591317,0.17201321080728627,0.108933
0.1,0.1,0.04772110042868209,0.17859944033430836,0.094398
0.1,0.1,0.0578301911094032,0.18806879666933932,0.097644
0.1,0.1,0.06396656640421246,0.19412316890145975,0.100785
0.1,0.1,0.06396656640421246,0.20313861193699329,0.109252
0.1,0.1,0.06396656640421246,0.21275585285770263,0.118374
0.1,0.1,0.06396656640421246,0.2308586106831888,0.135729
0.1,0.1,0.07587495167024141,0.23742659055840135,0.139528
0.1,0.1,0.09287763289401316,0.2407025076354372,0.140883
0.1,0.1,0.1173297121000636,0.2407025076354372,0.141766
0.1,0.1,0.15556677100356203,0.23601856504757887,0.146931
0.1,0.1,0.19304826685279985,0.23074248866195335,0.160473
0.1,0.1,0.21577834934173235,0.22199730944210955,0.16819
0.1,0.1,0.2341065638948146,0.2145849443917262,0.176392
0.1,0.1,0.25479584619192075,0.2045943628289078,0.18682
0.1,0.1,0.2762042823201455,0.19420533007946048,0.199806
0.1,0.1,0.29164129389552257,0.18643272889086454,0.210231
0.1,0.1,0.3055676832381086,0.1774006996854911,0.219656
0.1,0.1,0.316694234769753,0.16476956874127927,0.226167
0.1,0.1,0.3213764693713378,0.15449900864891628,0.227986
0.1,0.1,0.3064816482056709,0.1426598277748503,0.210842
0.1,0.1,0.2705247152172693,0.13031066359894478,0.173198
0.1,0.1,0.23087955584680642,0.11408357779936602,0.131635
0.1,0.1,0.18229527672497794,0.09068108455162942,0.082821
0.1,0.1,0.13722063311953223,0.06653727630535097,0.050051
0.1,0.1,0.09893644727896185,0.04634069680234165,0.05367
0.1,0.1,0.05860891860444024,0.022349011111142448,0.087994
0.1,0.1,0.03136367356824483,0.0,0.121289
0.1,0.1,0.0,0.0,0.141421
0.1,0.1,0.017188454385603014,0.0,0.129837
0.9,0.1,0.017188454385603014,0.0,0.888457
0.9,0.1,0.06768828050788389,0.0,0.838298
0.9,0.1,0.1421297466883359,0.0,0.764439
0.9,0.1,0.2144698709293732,0.009069257057949746,0.691534
0.9,0.1,0.2548734840828366,0.051358082079989896,0.646958
0.9,0.1,0.2810885691615591,0.09414847840292946,0.618939
0.9,0.1,0.3065910220416084,0.130334299585193,0.594184
0.9,0.1,0.3231775825429575,0.15620488879016575,0.579554
0.9,0.1,0.3328629412120374,0.1716418594394018,0.571644
0.9,0.1,0.34287374515886976,0.18088059476448418,0.562967
0.9,0.1,0.3504158633728288,0.18806594039027286,0.556595
0.9,0.1,0.3681090371339268,0.19392372377702216,0.54012
0.9,0.1,0.3977933102026764,0.19392372377702216,0.510914
0.9,0.1,0.44710967840810945,0.20082808652226303,0.463978
0.9,0.1,0.524478979175273,0.2489501545877188,0.403983
0.9,0.1,0.5795089015986747,0.3380654606014329,0.399236
0.9,0.1,0.6698148633130718,0.45542485389174947,0.423453
0.9,0.1,0.8454977330854212,0.592242342388604,0.49525
0.9,0.1,1.0,0.7487617634636908,0.656424
0.9,0.1,1.0,0.8704264100099268,0.776889
0.9,0.1,1.0,0.9417496342219914,0.847669
0.9,0.1,1.0,0.982152093379435,0.887802
0.9,0.1,1.0,1.0,0.905539
0.9,0.1,1.0,0.9996370439988138,0.905178
0.9,0.1,1.0,0.9905277236773062,0.896125
0.9,0.1,1.0,1.0,0.905539
0.9,0.1,0.9747614675489202,1.0,0.9031
0.9,0.1,0.9461713754974723,1.0,0.901184
0.9,0.1,0.9215717835570891,1.0,0.900258
0.9,0.1,0.892859671540503,1.0,0.900028
0.9,0.1,0.8984159049973015,1.0,0.900001
0.9,0.1,0.9053555839858308,1.0,0.900016
0.9,0.1,0.9182348107221792,1.0,0.900185
0.9,0.1,0.9423649098457192,1.0,0.900997
0.9,0.1,0.954235078789299,1.0,0.901633
0.9,0.1,1.0,1.0,0.905539
0.9,0.1,0.8086735121778778,1.0,0.904622
0.9,0.1,0.6490575488027249,1.0,0.93433
0.9,0.1,0.5829462391992516,1.0,0.954213
0.9,0.1,0.5371850112471976,1.0,0.970379
0.9,0.1,0.531785335523707,1.0,0.97241
0.9,0.1,0.560339346672187,1.0,0.961961
0.9,0.1,0.5924814243612524,1.0,0.951088
0.9,0.1,0.6066209761759889,1.0,0.94661
0.9,0.1,0.6128997019050473,1.0,0.944683
0.9,0.1,0.5931270820510848,1.0,0.950879
0.9,0.1,0.5690532941433273,1.0,0.958919
0.9,0.1,0.5126336766736418,1.0,0.979823
0.9,0.1,0.5083551864200694,1.0,0.981522
0.9,0.1,0.5175297000802337,1.0,0.977898
0.9,0.1,0.5664777857418537,1.0,0.959811
0.9,0.1,0.6185591959504702,1.0,0.942979
0.9,0.1,0.6128700196045553,1.0,0.944692
0.9,0.1,0.6245632397806333,1.0,0.941204
0.9,0.1,0.6384624862333976,1.0,0.937231
0.9,0.1,0.6455417207212448,1.0,0.93528
0.9,0.1,0.6406022806183549,1.0,0.936636
0.9,0.1,0.6284875874079334,1.0,0.940063
0.9,0.1,0.617003869159527,1.0,0.943444
0.9,0.1,0.6315067869370952,1.0,0.939196
0.9,0.1,0.636680637685859,1.0,0.93773
0.9,0.1,0.6213820732563657,1.0,0.94214
0.9,0.1,0.6108563932299582,1.0,0.945306
0.9,0.1,0.6177978968691984,1.0,0.943206
0.9,0.1,0.6455330895151274,1.0,0.935283
0.9,0.1,0.6795416839015054,1.0,0.926608
0.9,0.1,0.7405817793842044,1.0,0.91401
0.9,0.1,0.8112772222679574,1.0,0.904363
0.9,0.1,0.8838431452079959,1.0,0.900145
0.9,0.1,1.0,1.0,0.905539
0.9,0.1,1.0,0.9978141501515484,0.903366
0.9,0.1,1.0,1.0,0.905539
0.9,0.1,0.9714523354840812,1.0,0.902832
0.9,0.1,0.9491149108628629,1.0,0.901339
0.9,0.1,0.9333325275090276,1.0,0.900617
0.9,0.1,0.9008553801821859,1.0,0.9
0.9,0.1,0.854858519097357,1.0,0.901131
0.9,0.1,0.9396884412417403,1.0,0.900875
0.9,0.1,1.0,1.0,0.905539
0.9,0.1,1.0,0.99116780144266,0.896761
0.9,0.1,1.0,0.9483915095981627,0.854265
0.9,0.1,1.0,0.9078384918446667,0.814004
0.9,0.1,1.0,0.8654589101047971,0.771963
0.9,0.1,1.0,0.8326855378339819,0.739478
0.9,0.1,1.0,0.8062104743597177,0.713255
0.9,0.1,1.0,0.7842528611887359,0.691521
0.9,0.1,1.0,0.7704029788243498,0.67782
0.9,0.1,1.0,0.7751270520926192,0.682493
0.9,0.1,1.0,0.788529505322869,0.695753
0.9,0.1,1.0,0.7998040877059637,0.706913
0.9,0.1,1.0,0.827317554212023,0.73416
0.9,0.1,1.0,0.8444484194463346,0.751135
0.9,0.1,1.0,0.8637915089741315,0.77031
0.9,0.1,0.9653435754049904,0.8891837599489155,0.791884
0.9,0.1,0.9422776751535051,0.905487446515102,0.806596
0.9,0.1,0.9652424647388145,0.9332339954101039,0.835784
0.9,0.1,0.9752780180832694,0.9254000850482795,0.828826
0.9,0.1,0.9752780180832694,0.909647703507237,0.81314
0.9,0.1,0.9855481848546356,0.9169893667237761,0.821456
0.9,0.1,1.0,0.9363326698957264,0.84229
0.1,0.9,1.0,0.9363326698957264,0.900733
0.1,0.9,1.0,0.9515784839641219,0.901477
0.1,0.9,1.0,0.962213871715861,0.902148
0.1,0.9,1.0,0.9665680373081815,0.902458
0.1,0.9,1.0,0.9911117161736333,0.9046
0.1,0.9,1.0,1.0,0.905539
0.1,0.9,0.9856816046277026,1.0,0.891309
0.1,0.9,0.9695317975375859,1.0,0.875263
0.1,0.9,0.9654295316377517,1.0,0.871188
0.1,0.9,0.9582039126568214,1.0,0.86401
0.1,0.9,0.9447935247246203,1.0,0.850692
0.1,0.9,0.953670378327845,1.0,0.859507
0.1,0.9,0.9598631035887235,1.0,0.865658
0.1,0.9,0.9557289046432655,1.0,0.861552
0.1,0.9,0.9524389655206293,1.0,0.858284
0.1,0.9,0.9606381222138531,1.0,0.866428
0.1,0.9,0.9772147176464936,1.0,0.882896
0.1,0.9,0.9974045768206671,1.0,0.902959
0.1,0.9,1.0,1.0,0.905539
0.1,0.9,1.0,0.9782189702882034,0.903393
0.1,0.9,1.0,0.9496025539826076,0.901366
0.1,0.9,1.0,0.9261840435682798,0.900381
0.1,0.9,0.990445924041598,0.9165918332770281,0.8906
0.1,0.9,0.9447644680601875,0.8954074819240267,0.844777
0.1,0.9,0.9137962357301426,0.8819567373488167,0.813996
0.1,0.9,0.89436314526732,0.8755721311729083,0.794739
0.1,0.9,0.8734075512162083,0.8790126123738566,0.773692
0.1,0.9,0.8399195133797975,0.8936867729804632,0.739946
0.1,0.9,0.8253825010047375,0.921708581627813,0.725707
0.1,0.9,0.8086221931777435,0.942541780522482,0.709898
0.1,0.9,0.8009398544643176,0.9683745384566582,0.704267
0.1,0.9,0.7957203513575002,0.9866141260266764,0.701091
0.1,0.9,0.7987776334090456,1.0,0.705897
0.1,0.9,0.8120285977039554,1.0,0.719016
0.1,0.9,0.8204190801236586,1.0,0.727326
0.1,0.9,0.829473853083156,1.0,0.736296
0.1,0.9,0.8398294637258668,1.0,0.746557
0.1,0.9,0.8493733109714707,1.0,0.756016
0.1,0.9,0.8593693630823469,1.0,0.765925
0.1,0.9,0.8681220001244532,1.0,0.774604
0.1,0.9,0.8582113771413915,1.0,0.764777
0.1,0.9,0.8509670810475379,1.0,0.757596
0.1,0.9,0.8309861888143923,1.0,0.737795
0.1,0.9,0.8147101369744705,1.0,0.721672
0.1,0.9,0.7972656058288212,1.0,0.7044
0.1,0.9,0.793020454036582,1.0,0.700198
0.1,0.9,0.798265188341967,1.0,0.705389
0.1,0.9,0.8167645498462601,1.0,0.723707
0.1,0.9,0.8346756111157303,1.0,0.74145
0.1,0.9,0.8541123666209613,1.0,0.760714
0.1,0.9,0.8682999366163515,1.0,0.77478
0.1,0.9,0.8784516297053389,1.0,0.784848
0.1,0.9,0.881546841485932,1.0,0.787918
0.1,0.9,0.892275783770756,1.0,0.798562
0.1,0.9,0.9020363997817803,1.0,0.808246
0.1,0.9,0.8922074326512913,1.0,0.798494
0.1,0.9,0.8848828725735389,1.0,0.791228
0.1,0.9,0.8814106349842921,1.0,0.787783
0.1,0.9,0.8675706284696673,1.0,0.774057
0.1,0.9,0.8555168390071934,1.0,0.762106
0.1,0.9,0.8457383146678527,1.0,0.752413
0.1,0.9,0.8369727849683485,1.0,0.743726
0.1,0.9,0.8220687808837651,1.0,0.72896
0.1,0.9,0.8104555123175323,1.0,0.717459
0.1,0.9,0.7969397334096024,1.0,0.704077
0.1,0.9,0.7931094789483263,1.0,0.700286
0.1,0.9,0.7997218579163814,1.0,0.706831
0.1,0.9,0.8055556430806907,1.0,0.712607
0.1,0.9,0.8243761816925153,1.0,0.731246
0.1,0.9,0.8572908467243567,1.0,0.763865
0.1,0.9,0.9091883145604395,1.0,0.815344
0.1,0.9,0.9512457320849699,1.0,0.857099
0.1,0.9,0.964545950292657,1.0,0.87031
0.1,0.9,0.9743176147651484,1.0,0.880018
0.1,0.9,0.9794812756037191,1.0,0.885148
0.1,0.9,0.9638282034620858,1.0,0.869597
0.1,0.9,0.955435733035686,1.0,0.861261
0.1,0.9,0.9484387290244807,1.0,0.854312
0.1,0.9,0.9359251459679355,1.0,0.841885
0.1,0.9,0.927984920270005,1.0,0.834002
0.1,0.9,0.9222672338723858,1.0,0.828326
0.1,0.9,0.9179551000351801,1.0,0.824045
0.1,0.9,0.9127721237959121,1.0,0.818901
0.1,0.9,0.9175380092586738,1.0,0.823631
0.1,0.9,0.9346950656400856,1.0,0.840664
0.1,0.9,0.9398666094376905,1.0,0.845799
0.1,0.9,0.9445553836133408,1.0,0.850455
0.1,0.9,0.9405032316211216,1.0,0.846431
0.1,0.9,0.9309105960964105,1.0,0.836906
0.1,0.9,0.9088954428136875,1.0,0.815053
0.1,0.9,0.8921987708866135,1.0,0.798485
0.1,0.9,0.8697740083660626,1.0,0.776242
0.1,0.9,0.8263042757580745,1.0,0.733156
0.1,0.9,0.7929200617447714,1.0,0.700099
0.1,0.9,0.7449409845143973,0.9961093076695404,0.652063
0.1,0.9,0.711060987780142,0.9499634576506262,0.6131
0.1,0.9,0.6844479233122892,0.9225127778600357,0.584881
0.1,0.9,0.6644646600414317,0.9076705642755768,0.564517
0.1,0.9,0.644457605324563,0.9016464870976193,0.54446
0.1,0.9,0.644457605324563,0.9077440208745604,0.544513
0.1,0.9,0.6556822899760719,0.8972846206950851,0.555689
0.1,0.9,0.6932778955126144,0.8924908035646273,0.593325
0.1,0.9,0.7245456773178619,0.8892923534819441,0.624637
0.1,0.9,0.7455659924746807,0.9037686988489444,0.645577
0.1,0.9,0.750307718559937,0.9234040062630143,0.650729
0.1,0.9,0.7694156251001446,0.9414915706609794,0.6707
0.1,0.9,0.8504638717944077,0.936446551410983,0.751348
0.1,0.9,0.9130015093877271,0.936446551410983,0.813818
0.1,0.9,0.95490866335903,0.9461488237117889,0.856153
0.1,0.9,0.9806739026456553,0.9785254111766921,0.884168
0.1,0.9,0.9692203907663095,1.0,0.874954
0.1,0.9,0.9289658550556045,1.0,0.834976
0.1,0.9,0.9044000949042759,1.0,0.810592
0.1,0.9,0.8977798095641959,1.0,0.804023
0.1,0.9,0.9065059690836204,1.0,0.812682
0.1,0.9,0.919719956387621,1.0,0.825797
0.1,0.9,0.9330144419473185,1.0,0.838995
0.1,0.9,0.9467880327199099,1.0,0.852672
0.1,0.9,0.9623322975350898,1.0,0.868111
0.1,0.9,0.9769987818014365,1.0,0.882682
0.1,0.9,0.9863380206389538,1.0,0.891961
0.1,0.9,0.9986020470627461,1.0,0.904149
0.1,0.9,1.0,1.0,0.905539
0.1,0.9,0.9881685551680431,1.0,0.89378
0.1,0.9,1.0,1.0,0.905539
0.1,0.9,0.9950619449024661,1.0,0.900631
0.1,0.9,0.9749514452399493,1.0,0.880648
0.1,0.9,0.9403563817219942,1.0,0.846285
0.1,0.9,0.8948149944202632,1.0,0.801081
0.1,0.9,0.8392232139479285,1.0,0.745956
0.1,0.9,0.7980133409764709,1.0,0.70514
0.1,0.9,0.7693473702738463,1.0,0.676776
0.1,0.9,0.7346851707547959,1.0,0.642515
0.1,0.9,0.7195860788677239,0.9695560671338312,0.623478
0.1,0.9,0.7081394401814971,0.9571549842823885,0.610819
0.1,0.9,0.7332582525842116,0.9383023560446733,0.634416
0.1,0.9,0.749718149734404,0.9314179854911719,0.650477
0.1,0.9,0.767928695659192,0.9367513263549961,0.668939
0.1,0.9,0.782342902031566,0.9486470161828734,0.684075
0.1,0.9,0.782342902031566,0.9622996057909297,0.685181
0.1,0.9,0.782342902031566,0.9814159536762319,0.687183
0.1,0.9,0.7889046268128224,0.9978491497063344,0.695819
0.1,0.9,0.7942417753415099,1.0,0.701407
0.1,0.9,0.8286009506597732,1.0,0.735431
0.1,0.9,0.8575109511735033,1.0,0.764083
0.1,0.9,0.8090645737525243,1.0,0.716081
0.1,0.9,0.7902531899680693,1.0,0.697459
0.1,0.9,0.6776170880694353,1.0,0.586209
0.1,0.9,0.6235878054005801,1.0,0.533052
0.1,0.9,0.6280127560141614,1.0,0.537399
0.1,0.9,0.6496768042367038,1.0,0.558699
0.1,0.9,0.6726829270087356,1.0,0.581348
0.1,0.9,0.6647180994084827,1.0,0.573504
0.1,0.9,0.6315471979030955,1.0,0.540872
0.1,0.9,0.618690435929347,1.0,0.528242
0.1,0.9,0.6340154120802963,1.0,0.543298
0.1,0.9,0.6301810922708748,1.0,0.539529
0.1,0.9,0.6251389687039739,1.0,0.534575
0.1,0.9,0.6190624184481871,1.0,0.528607
0.1,0.9,0.6070449140729771,1.0,0.516812
0.1,0.9,0.6001929167079478,1.0,0.510091
0.1,0.9,0.5935213371027984,1.0,0.503551
0.1,0.9,0.623883565244751,1.0,0.533342
0.1,0.9,0.6433476587235363,1.0,0.552473
0.1,0.9,0.6526038387134833,1.0,0.561579
0.1,0.9,0.6566502761493929,1.0,0.565561
0.1,0.9,0.6619891298521832,1.0,0.570817
0.1,0.9,0.6585497714202149,1.0,0.567431
0.1,0.9,0.6654017023261294,1.0,0.574177
0.1,0.9,0.6530219341313419,1.0,0.56199
0.1,0.9,0.6423047649483864,1.0,0.551448
0.1,0.9,0.6737345630377809,1.0,0.582384
0.1,0.9,0.7417894791695443,1.0,0.649533
0.1,0.9,0.7324249492186135,1.0,0.640282
0.1,0.9,0.7264588773297138,1.0,0.63439
0.1,0.9,0.7222450645301105,1.0,0.630229
0.1,0.9,0.7273108099823414,1.0,0.635231
0.9,0.9,0.7273108099823414,1.0,0.199553
0.9,0.9,0.7672821049340015,1.0,0.166175
0.9,0.9,0.753987352359121,1.0,0.176974
0.9,0.9,0.7497477253586813,1.0,0.180488
0.9,0.9,0.7555704953150284,1.0,0.17567
0.9,0.9,0.7522401824957493,1.0,0.178418
0.9,0.9,0.7570302600385701,1.0,0.174472
0.9,0.9,0.7626855744047666,1.0,0.169868
0.9,0.9,0.7674683791019621,1.0,0.166026
0.9,0.9,0.7602345994661543,1.0,0.171856
0.9,0.9,0.753976788108834,1.0,0.176982
0.9,0.9,0.7289926557612609,1.0,0.1981
0.9,0.9,0.7221381706872834,1.0,0.204046
0.9,0.9,0.7531489381694421,1.0,0.177666
0.9,0.9,0.7820923651989582,1.0,0.154603
0.9,0.9,0.7626237193828476,1.0,0.169918
0.9,0.9,0.770350501588607,1.0,0.163735
0.9,0.9,0.7509390183794492,1.0,0.179497
0.9,0.9,0.7273448108038997,1.0,0.199524
0.9,0.9,0.7149206910611086,1.0,0.210367
0.9,0.9,0.708153926111299,1.0,0.216344
0.9,0.9,0.7212085824522116,1.0,0.204857
0.9,0.9,0.7459754814218451,1.0,0.18364
0.9,0.9,0.7684803451389013,1.0,0.165219
0.9,0.9,0.792821582593083,1.0,0.146585
0.9,0.9,0.8097798522312121,1.0,0.134684
0.9,0.9,0.8234569687393145,1.0,0.125932
0.9,0.9,0.8266184915525602,1.0,0.124036
0.9,0.9,0.8225899312250986,1.0,0.126461
0.9,0.9,0.8070341514144415,1.0,0.136538
0.9,0.9,0.7967176729515544,1.0,0.143761
0.9,0.9,0.7928651937771365,1.0,0.146553
0.9,0.9,0.8018430389530087,1.0,0.140124
0.9,0.9,0.7934662839333162,1.0,0.146114
0.9,0.9,0.8163654058648753,1.0,0.130364
0.9,0.9,0.8382758968324436,1.0,0.117515
0.9,0.9,0.8453350816838225,1.0,0.113966
0.9,0.9,0.8191321805238054,1.0,0.128606
0.9,0.9,0.8126456038526411,1.0,0.132781
0.9,0.9,0.808078755289148,1.0,0.135829
0.9,0.9,0.8032358114400219,1.0,0.139152
0.9,0.9,0.796660073100613,1.0,0.143802
0.9,0.9,0.785317504134086,1.0,0.152158
0.9,0.9,0.7748607371161983,1.0,0.160187
0.9,0.9,0.7672320762428564,1.0,0.166215
0.9,0.9,0.7626268243808312,1.0,0.169916
0.9,0.9,0.7656569603056379,1.0,0.167476
0.9,0.9,0.7765185787093124,1.0,0.158895
0.9,0.9,0.8225112129731227,1.0,0.126509
0.9,0.9,0.8503050869607806,1.0,0.111667
0.9,0.9,0.8724819349721804,1.0,0.103717
0.9,0.9,0.9039963512718754,1.0,0.10008
0.9,0.9,0.898908030346304,1.0,0.100006
0.9,0.9,0.8880758477775282,1.0,0.100708
0.9,0.9,0.884676219993344,1.0,0.101167
0.9,0.9,0.9056012370190507,1.0,0.100157
0.9,0.9,1.0,1.0,0.141421
0.9,0.9,0.9949135710857127,1.0,0.137872
0.9,0.9,0.9528906666759152,1.0,0.113126
0.9,0.9,0.9192724848328079,1.0,0.10184
0.9,0.9,0.8712566602213814,1.0,0.104049
0.9,0.9,0.834331344293401,1.0,0.119634
0.9,0.9,0.8071042906564128,1.0,0.13649
0.9,0.9,0.8019159154817517,1.0,0.140073
0.9,0.9,0.7870474969539712,1.0,0.150858
0.9,0.9,0.7533617034384841,1.0,0.17749
0.9,0.9,0.7275085125699625,1.0,0.199382
0.9,0.9,0.7029465080460979,1.0,0.220975
0.9,0.9,0.6597207549007733,1.0,0.260258
0.9,0.9,0.6085904061954357,1.0,0.30809
0.9,0.9,0.5896007442544259,1.0,0.32611
0.9,0.9,0.5804162105720173,1.0,0.334864
0.9,0.9,0.5542901546963619,1.0,0.359882
0.9,0.9,0.5342747264005943,1.0,0.37915
0.9,0.9,0.5118675864232289,1.0,0.400808
0.9,0.9,0.4820459335804681,1.0,0.429751
0.9,0.9,0.47384681165417697,1.0,0.437729
0.9,0.9,0.48363748163817233,1.0,0.428203
0.9,0.9,0.491952196492048,1.0,0.420123
0.9,0.9,0.5116950958244717,1.0,0.400975
0.9,0.9,0.5204530001522897,1.0,0.3925
0.9,0.9,0.5264104854726503,1.0,0.386742
0.9,0.9,0.52168951865558,1.0,0.391304
0.9,0.9,0.5178329158607389,1.0,0.395034
0.9,0.9,0.5115714565190131,1.0,0.401094
0.9,0.9,0.4940191988886554,1.0,0.418115
0.9,0.9,0.48282195951476203,1.0,0.428996
0.9,0.9,0.4765906168989931,1.0,0.435058
0.9,0.9,0.46941227075133585,1.0,0.442047
0.9,0.9,0.4738812272589049,1.0,0.437695
0.9,0.9,0.4942374140002077,1.0,0.417903
0.9,0.9,0.5113771014934544,1.0,0.401283
0.9,0.9,0.5239550350522075,1.0,0.389114
0.9,0.9,0.532400697897787,1.0,0.380958
0.9,0.9,0.5268952074577455,1.0,0.386273
0.9,0.9,0.5181032076134198,1.0,0.394772
0.9,0.9,0.545173583524247,1.0,0.368649
0.9,0.9,0.5664765626581845,1.0,0.348192
0.9,0.9,0.5856523567409537,1.0,0.32987
0.9,0.9,0.5999767425564602,1.0,0.31625
0.9,0.9,0.6029800895856876,1.0,0.313402
0.9,0.9,0.6160133131985499,1.0,0.301079
0.9,0.9,0.6266126007910281,1.0,0.291103
0.9,0.9,0.6710969507190719,1.0,0.249793
0.9,0.9,0.7659322887605863,1.0,0.167255
0.9,0.9,0.9449300204014267,1.0,0.10963
0.9,0.9,0.8330983798317604,1.0,0.120316
0.9,0.9,0.7472980001409972,1.0,0.182532
0.9,0.9,0.7034286969290702,1.0,0.220545
0.9,0.9,0.37691258055121185,1.0,0.53256
0.9,0.9,0.41304877686850916,1.0,0.497113
0.9,0.9,0.2909025612879515,1.0,0.617252
0.9,0.9,0.0,1.0,0.905539
0.9,0.9,0.35867348366321855,1.0,0.550486
0.9,0.9,0.4788547852523986,1.0,0.432855
0.9,0.9,0.5314691204374344,1.0,0.381857
0.9,0.9,0.5561602136577876,1.0,0.358086
0.9,0.9,0.5900242851211095,1.0,0.325707
0.9,0.9,0.6146509264734906,1.0,0.302364
0.9,0.9,0.6596541842121514,1.0,0.260319
0.9,0.9,0.7111860296125074,1.0,0.21366
0.9,0.9,0.7556313551744595,1.0,0.17562
0.9,0.9,0.8016524117824678,1.0,0.140258
0.9,0.9,0.8814882388676697,0.9347413093643048,0.039366
0.9,0.9,0.9957406815079164,0.815301889990486,0.127828
0.9,0.9,1.0,0.6419021412430386,0.276793
0.9,0.9,1.0,0.38530133149548507,0.524323
0.9,0.9,1.0,0.17822941998690653,0.728665
0.9,0.9,1.0,0.0,0.905539
0.9,0.9,0.9284714468246211,0.0,0.90045
0.9,0.9,0.831168937349682,0.0,0.902628
0.9,0.9,0.7496148143199592,0.0,0.912478
0.9,0.9,0.6829780318883636,0.0,0.925796
0.9,0.9,0.6095115235005875,0.0,0.945719
0.9,0.9,0.6981905777489896,0.0,0.922349
0.9,0.9,0.5733489906168239,0.0,0.957445
0.9,0.9,0.6419253083275758,0.0,0.936271
0.9,0.9,0.7588736825809933,0.0,0.910998
0.9,0.9,0.9001990905000213,0.21395031633069916,0.68605
0.9,0.9,0.9895264217928914,0.5294740939250173,0.381188
0.9,0.9,1.0,0.8399770625818213,0.116631
0.9,0.9,1.0,1.0,0.141421
0.9,0.9,0.9328348171926348,1.0,0.105253
0.9,0.9,0.810636228587061,1.0,0.134111
0.9,0.9,0.7425328060757828,1.0,0.186537
0.9,0.9,0.7250169346488751,1.0,0.201542
0.9,0.9,0.6099441188373402,1.0,0.30681
0.9,0.9,0.5102111054819236,1.0,0.402412
